,time,VNINDEX,MA50,z_score,sign,cross,asset_allocation,return,return_shifted
49,2022-09-13,1248.4,1230.4784,0.08066554012314317,1,True,45475910187.617516,0.0,0.04486922692742512
50,2022-09-14,1240.77,1231.3832,-0.05415451774313,1,False,47516379121.55693,0.04486922692742512,-0.018126307548486653
51,2022-09-15,1245.66,1232.6706,0.002753991005645664,1,False,46655082620.0091,-0.018126307548486653,0.06824796871284922
52,2022-09-16,1234.03,1234.359,-0.20763025451693948,-1,True,49839197238.95488,0.06824796871284922,0.14092972653521718
53,2022-09-19,1205.43,1235.138,-0.6717159366715495,-1,False,56863021676.57555,0.14092972653521718,-0.05275545461196063
54,2022-09-20,1218.93,1236.0904,-0.47350764144696234,-1,False,53863187117.41803,-0.05275545461196063,0.042100871294336484
55,2022-09-21,1210.55,1237.1956,-0.6233407028980994,-1,False,56130874225.751205,0.042100871294336484,-0.014278765596370757
56,2022-09-22,1214.7,1237.9932,-0.5703844810779143,-1,False,55329394629.96233,-0.014278765596370757,0.05188268753635028
57,2022-09-23,1203.28,1238.5803999999998,-0.7600563420250825,-1,False,58200032323.12409,0.05188268753635028,0.11819731593800564
58,2022-09-26,1174.35,1238.424,-1.2145788167193892,-1,False,65079119931.22253,0.11819731593800564,0.027757185061859646
59,2022-09-27,1166.54,1238.1698,-1.3339340908003228,-1,False,66885533106.81643,0.027757185061859646,0.07957567456277914
60,2022-09-28,1143.62,1237.5124,-1.6856054855903213,-1,False,72207994522.28244,0.07957567456277914,0.054646408126372004
61,2022-09-29,1126.07,1236.4672,-1.946323732189096,-1,False,76153902060.93391,0.054646408126372004,-0.02285660108911547
62,2022-09-30,1132.11,1235.2266,-1.8313156577993996,-1,False,74413282700.14758,-0.02285660108911547,0.13953077430207927
63,2022-10-03,1086.44,1232.986,-2.517348631166957,-1,False,84796225653.65869,0.13953077430207927,0.016825183981396208
64,2022-10-04,1078.14,1230.6536,-2.611615887262326,-1,False,86222937751.20949,0.016825183981396208,-0.07709631105153936
65,2022-10-05,1104.26,1228.9688,-2.172397071946199,-1,False,79575467322.56473,-0.07709631105153936,0.08270806807004072
66,2022-10-06,1074.52,1226.7578,-2.6072592096647838,-1,False,86157000490.58472,0.08270806807004072,0.09852919630251145
67,2022-10-07,1035.91,1223.6552,-3.1681522268041187,-1,False,94645980504.75711,0.09852919630251145,-0.02496401703740836
68,2022-10-10,1042.48,1220.3424,-3.0120384727758154,-1,False,92283236634.91414,-0.02496401703740836,0.08362042388710855
69,2022-10-11,1006.2,1216.3398,-3.5219087609809017,-1,False,100000000000.0,0.08362042388710855,-0.07779736078822475
70,2022-10-12,1034.81,1212.409,-3.007877671908548,-1,False,92220263921.17752,-0.07779736078822475,-0.05182980259016856
71,2022-10-13,1050.99,1208.5964,-2.6920643559670796,-1,False,87440505847.32965,-0.05182980259016856,-0.03996850247304784
72,2022-10-14,1061.85,1204.8382,-2.4611478060888503,-1,False,83945639773.1261,-0.03996850247304784,0.01771051204585916
73,2022-10-17,1051.58,1200.7867999999999,-2.5593799863212148,-1,False,85432360037.5254,0.01771051204585916,-0.04438755549983542
74,2022-10-18,1063.66,1197.0052,-2.3088220552798737,-1,False,81640226414.87782,-0.04438755549983542,-0.0010062029660143912
75,2022-10-19,1060.07,1193.0716,-2.303394374270027,-1,False,81558079776.91309,-0.0010062029660143912,-0.007000095562443964
76,2022-10-20,1058.45,1189.0636,-2.265672307181791,-1,False,80987165424.58527,-0.007000095562443964,0.10006311435388082
77,2022-10-21,1019.82,1184.33,-2.801117145896028,-1,False,89090993419.6622,0.10006311435388082,0.07608173534925622
78,2022-10-24,986.15,1179.0116,-3.2489734931568184,-1,False,95869190803.01927,0.07608173534925622,-0.04200168479559274
79,2022-10-25,997.7,1173.719,-2.9829191853091284,-1,False,91842523269.30232,-0.04200168479559274,-0.0033236532280148667
80,2022-10-26,993.36,1168.1022,-2.9627502006951185,-1,False,91537270570.36928,-0.0033236532280148667,-0.10338415185170868
81,2022-10-27,1028.01,1163.1686,-2.3374674474313824,-1,False,82073767489.63127,-0.10338415185170868,-0.012550131781626894
82,2022-10-28,1027.36,1158.2102,-2.269409761567504,-1,False,81043730891.8218,-0.012550131781626894,-0.016208300736194725
83,2022-10-31,1027.94,1153.2957999999999,-2.1826174142435506,-1,False,79730149728.74391,-0.016208300736194725,-0.031540748754693815
84,2022-11-01,1033.75,1148.5872,-2.0164602388355575,-1,False,77215401107.97548,-0.031540748754693815,0.018005175652018757
85,2022-11-02,1023.19,1143.8424,-2.1083201067298183,-1,False,78605677967.96567,0.018005175652018757,-0.004988001423404942
86,2022-11-03,1019.81,1138.8224,-2.0824138295000454,-1,False,78213592734.37375,-0.004988001423404942,0.05214688108476517
87,2022-11-04,997.15,1133.2222,-2.3518991394296274,-1,False,82292187653.9054,0.05214688108476517,0.04557175760759158
88,2022-11-07,975.19,1126.9484,-2.5996863625282236,-1,False,86042387282.66762,0.04557175760759158,-0.034672334986592945
89,2022-11-08,981.65,1120.93,-2.402571185830649,-1,False,83059096807.7568,-0.034672334986592945,-0.02775975586658841
90,2022-11-09,985.59,1115.2258,-2.2502264792090627,-1,False,80753396557.87415,-0.02775975586658841,0.09387090241831575
91,2022-11-10,947.24,1108.5828000000001,-2.7510864378215536,-1,False,88333790766.1059,0.09387090241831575,-0.037375832049094115
92,2022-11-11,954.53,1102.0632,-2.5329429463384416,-1,False,85032241838.1721,-0.037375832049094115,0.019017077075422772
93,2022-11-14,941.04,1095.3370000000002,-2.6397873840986597,-1,False,86649306535.10461,0.019017077075422772,0.06023172244515895
94,2022-11-15,911.9,1088.027,-2.9846252084437728,-1,False,91868343516.39253,0.06023172244515895,-0.09630212177265818
95,2022-11-16,942.9,1082.0216,-2.4000690185665046,-1,False,83021227112.0245,-0.09630212177265818,-0.0911909351600626
96,2022-11-17,969.26,1076.7148,-1.8998440796763558,-1,False,75450443773.54305,-0.0911909351600626,-0.017931413847145472
97,2022-11-18,969.33,1071.1258,-1.8104516267231259,-1,False,74097510641.28886,-0.017931413847145472,0.00935881501901692
98,2022-11-21,960.65,1065.3464,-1.8562709850967138,-1,False,74790975536.75032,0.00935881501901692,0.008325208657654848
99,2022-11-22,952.12,1059.4208,-1.8974114170584397,-1,False,75413626013.80333,0.008325208657654848,0.0007120271724276872
100,2022-11-23,946.0,1053.5254,-1.9009593133180769,-1,False,75467322564.69646,0.0007120271724276872,-0.024294973737732595
101,2022-11-24,947.71,1047.5664,-1.779815874247865,-1,False,73633845944.93016,-0.024294973737732595,-0.09416252966788174
102,2022-11-25,971.46,1042.315,-1.321694954460306,-1,False,66700296741.580444,-0.09416252966788174,-0.13701057666252292
103,2022-11-28,1005.69,1038.3202,-0.7178764996720702,-1,False,57561650621.45511,-0.13701057666252292,-0.12545500459365688
104,2022-11-29,1032.16,1034.5848,-0.2407365812353322,-1,False,50340253478.32198,-0.12545500459365688,-0.09262191455793933
105,2022-11-30,1048.42,1031.3422,0.06733644455821215,1,True,45677642821.827835,-0.09262191455793933,0.04486367547582226
106,2022-12-01,1036.28,1027.7738,-0.06806492489467811,1,False,47726909765.88684,0.04486367547582226,-0.23140463576689685
107,2022-12-02,1080.01,1025.3084000000001,0.6616611965323638,1,False,36682681595.23225,-0.23140463576689685,-0.09954443249584644
108,2022-12-05,1093.67,1023.6948,0.9029307793962045,1,False,33031124873.409023,-0.09954443249584644,0.3085015062094063
109,2022-12-06,1048.69,1021.3378000000001,0.22963611210065044,1,False,43221276648.64669,0.3085015062094063,0.03107569015910605
110,2022-12-07,1041.02,1019.2858,0.1408913160781657,1,False,44564407650.06104,0.03107569015910605,-0.0591237022699278
111,2022-12-08,1050.53,1017.775,0.3149814990622546,1,False,41929594880.32314,-0.0591237022699278,-0.016455546077809857
112,2022-12-09,1051.81,1016.169,0.3605702283824559,1,False,41239620499.746086,-0.016455546077809857,0.10813377268753532
113,2022-12-12,1032.07,1015.0816,0.0659242365189782,1,False,45699016248.58585,0.10813377268753532,-0.08367225011797175
114,2022-12-13,1047.45,1014.4678,0.3185704662492094,1,False,41875276730.88892,-0.08367225011797175,-0.023160137570053196
115,2022-12-14,1050.43,1013.3911999999999,0.3826505907676903,1,False,40905439561.01749,-0.023160137570053196,-0.030824475826105036
116,2022-12-15,1055.32,1013.0072,0.46596138717612207,1,False,39644550828.1127,-0.030824475826105036,0.019125119554609826
117,2022-12-16,1052.48,1013.3385999999998,0.4158643337575236,1,False,40402757602.38916,0.019125119554609826,0.08283312188748626
118,2022-12-19,1038.4,1013.257,0.19473846109088608,1,False,43749444147.45843,0.08283312188748626,0.08529587920014836
119,2022-12-20,1023.13,1013.5956000000001,-0.05182295279245186,1,False,47481091450.533676,0.08529587920014836,0.019795349699045728
120,2022-12-21,1018.88,1013.2769999999999,-0.11392535419558195,1,False,48420996259.88936,0.019795349699045728,-0.021219195234765453
121,2022-12-22,1022.61,1012.7094000000001,-0.046038270645168376,1,False,47393541686.78892,-0.021219195234765453,0.007263060190883186
122,2022-12-23,1020.34,1011.8792,-0.06878208647164827,1,False,47737763832.71919,0.007263060190883186,0.1692874148995529
123,2022-12-26,985.21,1010.5518000000001,-0.6027452125004278,-1,True,55819166465.0456,0.1692874148995529,-0.08798158630520025
124,2022-12-27,1004.57,1009.37,-0.2782564529890886,-1,False,50908107653.21685,-0.08798158630520025,-0.056252424430558556
125,2022-12-28,1015.66,1008.4817999999999,-0.08904269084659315,1,True,48044403174.55153,-0.056252424430558556,0.026805547814871655
126,2022-12-29,1009.29,1007.4986,-0.1741353336401025,1,False,49332259721.08395,0.026805547814871655,0.009427890738431532
127,2022-12-30,1007.09,1007.2439999999999,-0.20486586517839533,-1,True,49797358875.61426,0.009427890738431532,-0.17117911225950722
128,2023-01-03,1043.9,1008.3989999999999,0.35835871691162524,1,True,41273091190.41852,-0.17117911225950722,-0.008555593400200734
129,2023-01-04,1046.35,1009.3720000000001,0.381690162928923,1,False,40919975403.82389,-0.008555593400200734,-0.04803030639418637
130,2023-01-05,1055.82,1010.6212,0.5115501164963233,1,False,38954576447.53566,-0.04803030639418637,0.029757367535340196
131,2023-01-06,1051.44,1011.0898,0.4349591556571267,1,False,40113762096.06848,0.029757367535340196,-0.013308587585167952
132,2023-01-09,1054.21,1011.6267999999999,0.4702327636169373,1,False,39579904579.84236,-0.013308587585167952,0.00826440290565067
133,2023-01-10,1053.35,1012.1350000000001,0.44861997794267683,1,False,39907008858.257385,0.00826440290565067,-0.011800749573453562
134,2023-01-11,1055.76,1012.5752,0.4797359443373207,1,False,39436076240.4955,-0.011800749573453562,0.0002061208183230523
135,2023-01-12,1056.39,1013.2392,0.47919886298011993,1,False,39444204836.80164,0.0002061208183230523,-0.01801852038175289
136,2023-01-13,1060.17,1014.0464000000002,0.5261587294122356,1,False,38733478628.0077,-0.01801852038175289,-0.03159869886984379
137,2023-01-16,1066.68,1015.4370000000001,0.6070273852964502,1,False,37509551100.65975,-0.03159869886984379,-0.12331924310488185
138,2023-01-17,1088.29,1017.699,0.9126582705657736,1,False,32883901649.722504,-0.12331924310488185,-0.05567171905171797
139,2023-01-18,1098.28,1020.0316,1.033618470114114,1,False,31053198315.754826,-0.05567171905171797,-0.056588666252977315
140,2023-01-19,1108.08,1022.4814,1.1497259816350238,1,False,29295939240.17706,-0.056588666252977315,-0.04588617408477336
141,2023-01-27,1117.1,1025.8786,1.238546600907938,1,False,27951660672.225353,-0.04588617408477336,0.14960244690168611
142,2023-01-30,1102.57,1028.8394,0.9622529949502848,1,False,32133297503.755898,0.14960244690168611,-0.03874231805127959
143,2023-01-31,1111.18,1032.2422,1.0445085844569264,1,False,30888379071.829,-0.03874231805127959,0.2979238197258811
144,2023-02-01,1075.97,1035.5236,0.4364787799677993,1,False,40090762950.04926,0.2979238197258811,0.006403474979457036
145,2023-02-02,1077.59,1038.2174,0.41951648698649713,1,False,40347483147.50725,0.006403474979457036,0.015393093313738504
146,2023-02-03,1077.15,1040.3752,0.37848031199411664,1,False,40968555720.57132,0.015393093313738504,-0.05684347386640343
147,2023-02-06,1089.29,1042.7744,0.5323509615305729,1,False,38639760694.12473,-0.05684347386640343,0.15810940409971574
148,2023-02-07,1065.84,1044.8782,0.1286900913633591,1,False,44749070232.02841,0.15810940409971574,-0.0212528609620527
149,2023-02-08,1072.22,1047.2802000000001,0.19152861015607073,1,False,43798024464.20598,-0.0212528609620527,0.05759161732082663
150,2023-02-09,1064.03,1049.6408000000001,0.02486594641188412,1,False,46320423528.55673,0.05759161732082663,0.05616488272874842
151,2023-02-10,1055.3,1051.7926,-0.14702852161187427,1,False,48922004683.98408,0.05616488272874842,0.06374847773435999
152,2023-02-13,1043.7,1053.2374,-0.3530908418600252,-1,True,52040708010.30129,0.06374847773435999,0.026273234286134484
153,2023-02-14,1038.64,1053.8964,-0.4434310854436137,-1,False,53407985724.272255,0.026273234286134484,-0.04135850272837538
154,2023-02-15,1048.2,1054.2172,-0.2974839655769444,-1,False,51199111400.977905,-0.04135850272837538,-0.046193903633744204
155,2023-02-16,1058.29,1054.4145999999998,-0.14121540574567823,1,True,48834024582.787796,-0.046193903633744204,-0.0027386503163587816
156,2023-02-17,1059.31,1054.8752,-0.13237883776864603,1,False,48700285265.91507,-0.0027386503163587816,-0.1337563045589203
157,2023-02-20,1086.69,1055.0087999999998,0.2980192060809578,1,False,42186315077.78104,-0.1337563045589203,0.02397886378087688
158,2023-02-21,1082.23,1054.78,0.23118101082813527,1,False,43197894980.4483,0.02397886378087688,0.1553064809454603
159,2023-02-22,1054.28,1054.8917999999999,-0.21209750768802432,-1,True,49906808034.11329,0.1553064809454603,0.004181109891142176
160,2023-02-23,1053.66,1055.1446,-0.22588470205762815,-1,False,50115473882.82005,0.004181109891142176,0.06621753906570627
161,2023-02-24,1039.56,1054.9252000000001,-0.4451497457866654,-1,False,53433997232.45207,0.06621753906570627,0.07918862398423498
162,2023-02-27,1021.25,1054.3139999999999,-0.7247290259295526,-1,False,57665361947.26737,0.07918862398423498,-0.014833296434586307
163,2023-02-28,1024.68,1054.1662,-0.6682122706413269,-1,False,56809994539.49584,-0.014833296434586307,-0.06736727283745447
164,2023-03-01,1040.55,1054.0282,-0.41534173046191536,-1,False,52982860137.45933,-0.06736727283745447,0.012109299559416309
165,2023-03-02,1037.61,1053.7718,-0.45773324605571186,-1,False,53624445462.37848,0.012109299559416309,0.05452112007932297
166,2023-03-03,1024.77,1053.1608,-0.6509087730331027,-1,False,56548110292.61993,0.05452112007932297,-0.012328381405284139
167,2023-03-06,1027.18,1052.6548,-0.6048461483977193,-1,False,55850963621.18443,-0.012328381405284139,-0.045679277637990956
168,2023-03-07,1037.84,1052.6436,-0.4362784254865181,-1,False,53299731947.583015,-0.045679277637990956,-0.04852870859540115
169,2023-03-08,1049.18,1053.1645999999998,-0.2653759783225256,-1,False,50713164787.68577,-0.04852870859540115,-0.02842054448117315
170,2023-03-09,1055.95,1053.906,-0.17014513508629464,1,True,49271869032.05628,-0.02842054448117315,0.0172631137653656
171,2023-03-10,1053.0,1054.5138,-0.22634596016440134,-1,True,50122454912.58887,0.0172631137653656,0.004050552729687684
172,2023-03-13,1052.8,1055.163,-0.23976035688606467,-1,False,50325478559.1537,0.004050552729687684,0.065408200300618
173,2023-03-14,1040.13,1056.2614,-0.4572530321363291,-1,False,53617177540.97528,0.065408200300618,-0.09322596179570974
174,2023-03-15,1062.19,1057.4137999999998,-0.1269859090819072,1,True,48618664595.94653,-0.09322596179570974,0.07584957543356663
175,2023-03-16,1047.4,1058.0486,-0.3706439243342493,-1,True,52306369663.69605,0.07584957543356663,0.01360695330397066
176,2023-03-17,1045.14,1058.7656,-0.4176701361104913,-1,False,53018099993.21019,0.01360695330397066,0.10082962741170598
177,2023-03-20,1023.1,1059.0858,-0.7708832703258708,-1,False,58363895261.60214,0.10082962741170598,-0.03915822554587489
178,2023-03-21,1032.43,1058.8564,-0.6198781077951893,-1,False,56078468687.21251,-0.03915822554587489,-0.035070322258838216
179,2023-03-22,1040.54,1058.7402,-0.4899328530710602,-1,False,54111778718.5698,-0.035070322258838216,-0.02109422771727809
180,2023-03-23,1045.1,1058.5258,-0.4145139933114025,-1,False,52970332536.09333,-0.02109422771727809,-0.008047394323223989
181,2023-03-24,1046.79,1058.4328,-0.3863488150792766,-1,False,52544059382.74309,-0.008047394323223989,-0.025021453330020704
182,2023-03-27,1052.25,1058.3936,-0.2994806445048994,-1,False,51229330653.127945,-0.025021453330020704,-0.009432509396575917
183,2023-03-28,1054.29,1058.4124,-0.26755273747025005,-1,False,50746109510.36202,-0.009432509396575917,-0.009557191921189978
184,2023-03-29,1056.33,1058.4238,-0.23550793625786082,-1,False,50261119202.51777,-0.009557191921189978,-0.014503135607409678
185,2023-03-30,1059.44,1058.4848000000002,-0.1873443757251878,1,True,49532175374.943474,-0.014503135607409678,-0.024667272255135764
186,2023-03-31,1064.64,1058.5742,-0.10661472913342321,1,False,48310351719.58061,-0.024667272255135764,-0.07120276655508839
187,2023-04-03,1079.28,1058.8262,0.1206654640263342,1,False,44870521023.8971,-0.07120276655508839,0.003373777458562932
188,2023-04-04,1078.45,1058.6294,0.11066311357396025,1,False,45021904176.2815,0.003373777458562932,-0.01464771979013979
189,2023-04-05,1080.86,1058.281,0.1542362081536005,1,False,44362435939.48881,-0.01464771979013979,0.04961586051986022
190,2023-04-06,1070.91,1057.5376,0.008804054529425521,1,False,46563516373.38372,0.04961586051986022,0.0012948991652463882
191,2023-04-07,1069.71,1056.5898,0.00482017457982384,1,False,46623811431.86655,0.0012948991652463882,0.018539979201749546
192,2023-04-10,1065.35,1055.8454,-0.05229368880552805,1,False,47488215926.119644,0.018539979201749546,-0.024892263079463794
193,2023-04-11,1069.46,1055.011,0.02581057774014408,1,False,46306126762.11229,-0.024892263079463794,-0.0006216195564391347
194,2023-04-12,1069.45,1054.8806000000002,0.027712477605058402,1,False,46277341968.13401,-0.0006216195564391347,0.025232580726486376
195,2023-04-13,1064.3,1054.6148,-0.04944083900815297,1,False,47445038735.15217,0.025232580726486376,0.05505025411763187
196,2023-04-14,1052.89,1054.1296,-0.22201455698366596,-1,True,50056900174.14318,0.05505025411763187,-0.0077831195713732315
197,2023-04-17,1053.81,1053.42,-0.19627256346315672,1,True,49667301334.71553,-0.0077831195713732315,-0.006866057013689142
198,2023-04-18,1055.02,1053.2036,-0.17374042087745384,1,False,49326282812.03529,-0.006866057013689142,0.02702207539542889
199,2023-04-19,1048.98,1052.7388,-0.26180912625028435,-1,True,50659181345.15836,0.02702207539542889,-0.002669241521995658
200,2023-04-20,1049.25,1052.4432000000002,-0.25287461990811466,-1,False,50523959754.84156,-0.002669241521995658,0.02882792677606072
201,2023-04-21,1042.91,1052.1953999999998,-0.34911012121252033,-1,False,51980460767.090775,0.02882792677606072,0.006913743779380033
202,2023-04-24,1041.36,1052.1486,-0.37285543580508534,-1,False,52339840354.36856,0.006913743779380033,0.029389946885967966
203,2023-04-25,1034.85,1052.0728,-0.47449334370253465,-1,False,53878105482.403496,0.029389946885967966,-0.02705899997958805
204,2023-04-26,1040.8,1051.9248,-0.37816622263718863,-1,False,52420217827.2549,-0.02705899997958805,0.003634018573263953
205,2023-04-27,1039.63,1051.5516,-0.39075288220833554,-1,False,52610713872.45368,0.003634018573263953,-0.044051073761395054
206,2023-04-28,1049.12,1051.3478,-0.23762466866565976,-1,False,50293155435.01858,-0.044051073761395054,0.036072643470093535
207,2023-05-04,1040.61,1050.4262,-0.3574949089890913,-1,False,52107362500.012,0.036072643470093535,-0.002470259615844239
208,2023-05-05,1040.31,1049.5878,-0.34899006773268004,-1,False,51978643786.74007,-0.002470259615844239,-0.060468855788761045
209,2023-05-08,1053.44,1049.5710000000001,-0.1413165034129197,1,True,48835554671.5043,-0.060468855788761045,-0.001604757680612523
210,2023-05-09,1053.77,1049.5731999999998,-0.1361384072690619,1,False,48757185440.058235,-0.001604757680612523,-0.02018242638268608
211,2023-05-10,1058.26,1049.9472,-0.0711199700265326,1,False,47773147134.287285,-0.02018242638268608,0.009295189061562681
212,2023-05-11,1057.12,1050.6645999999998,-0.10046040864030145,1,False,48217207568.96634,0.009295189061562681,-0.044305567400432455
213,2023-05-12,1066.9,1051.509,0.04069089063675892,1,False,46080916829.15886,-0.044305567400432455,0.008784636328922568
214,2023-05-15,1065.71,1052.0122,0.01394423904806777,1,False,46485720925.206345,0.008784636328922568,0.0018823403559382612
215,2023-05-16,1065.91,1052.5782000000002,0.00816271620288289,1,False,46573222873.67874,0.0018823403559382612,0.03174151766280864
216,2023-05-17,1060.44,1053.2916,-0.08951342685967113,1,False,48051527650.137535,0.03174151766280864,-0.03506375001119433
217,2023-05-18,1068.31,1054.1142,0.02181090128003322,1,False,46366660896.95712,-0.03506375001119433,0.009408025541815634
218,2023-05-19,1067.07,1054.6988000000001,-0.007011411789144488,1,False,46802879626.9644,0.009408025541815634,-0.016043693114311197
219,2023-05-22,1070.64,1055.128,0.042602268407981626,1,False,46051988589.363335,-0.016043693114311197,0.025894927231518317
220,2023-05-23,1065.85,1055.326,-0.03619072599575349,1,False,47244501482.75161,0.025894927231518317,0.02143486801954886
221,2023-05-24,1061.79,1055.5018,-0.10310158519689952,1,False,48257181136.68377,0.02143486801954886,-0.012897798545840278
222,2023-05-25,1064.63,1055.7384,-0.06197694974567909,1,False,47634769735.9927,-0.012897798545840278,0.006738437601948588
223,2023-05-26,1063.76,1056.211,-0.08318534475098432,1,False,47955753659.54187,0.006738437601948588,-0.054660407722112
224,2023-05-29,1074.98,1056.4668000000001,0.09001075573846531,1,False,45334472611.890144,-0.054660407722112,-0.012957261603790182
225,2023-05-30,1078.05,1057.0798,0.1288227820516118,1,False,44747061990.58802,-0.012957261603790182,0.018596286512964744
226,2023-05-31,1075.17,1057.6804000000002,0.07384144758456442,1,False,45579191175.978386,0.018596286512964744,-0.011089605396362057
227,2023-06-01,1078.39,1058.7862,0.10723843009626927,1,False,45073735931.55144,-0.011089605396362057,-0.05983998540306901
228,2023-06-02,1090.84,1059.9544,0.28545150232240973,1,False,42376524231.34561,-0.05983998540306901,-0.0329160343242082
229,2023-06-05,1097.82,1061.1,0.3776146632183882,1,False,40981657105.206,-0.0329160343242082,-0.05382092516127224
230,2023-06-06,1108.31,1062.3642000000002,0.5233501098442733,1,False,38775986405.16179,-0.05382092516127224,0.00015413944563991144
231,2023-06-07,1109.54,1063.6192,0.5229551970816265,1,False,38781963314.21042,0.00015413944563991144,0.05672320452138391
232,2023-06-08,1101.32,1064.6006,0.3776051853120834,1,False,40981800551.023186,0.05672320452138391,-0.03001565770529413
233,2023-06-09,1107.53,1065.6654,0.45888139116734994,1,False,39751704853.53704,-0.03001565770529413,-0.04388111046959342
234,2023-06-12,1116.02,1066.8591999999999,0.574135891120942,1,False,38007355901.50431,-0.04388111046959342,-0.03258105950717005
235,2023-06-13,1122.46,1068.1196,0.6559554969376137,1,False,36769035977.167206,-0.03258105950717005,0.03963426924722424
236,2023-06-14,1117.42,1069.1752,0.5596662874974832,1,False,38226349849.04713,0.03963426924722424,0.007528841378982465
237,2023-06-15,1116.97,1069.9289999999999,0.540650448150408,1,False,38514149973.55809,0.007528841378982465,0.015428106043866352
238,2023-06-16,1115.22,1070.6644000000001,0.50138980093889,1,False,39108350363.53952,0.015428106043866352,0.0630317701933596
239,2023-06-19,1105.4,1071.1552000000001,0.3385151404140336,1,False,41573418916.29553,0.0630317701933596,-0.03165071613497694
240,2023-06-20,1111.72,1071.9714,0.4254559749367415,1,False,40257590435.41538,-0.03165071613497694,-0.034236406394754226
241,2023-06-21,1118.46,1072.9464,0.5165228580036013,1,False,38879315208.79493,-0.034236406394754226,-0.03468759031625335
242,2023-06-22,1125.3,1074.1453999999999,0.6056309737677253,1,False,37530685451.05577,-0.03468759031625335,-0.01835624466499297
243,2023-06-23,1129.38,1075.3438,0.6511501984416999,1,False,36841763006.4713,-0.01835624466499297,-0.009074603310569418
244,2023-06-26,1132.03,1076.5954,0.6732400387332356,1,False,36507438621.92556,-0.009074603310569418,-0.005889903210172576
245,2023-06-27,1134.33,1077.996,0.687447420282293,1,False,36292413341.991104,-0.005889903210172576,-0.015222400670344083
246,2023-06-28,1138.35,1079.7052,0.7239499967594659,1,False,35739955684.80557,-0.015222400670344083,0.09627016331330362
247,2023-06-29,1125.39,1081.1368,0.49661293616189056,1,False,39180647055.39204,0.09627016331330362,0.039742890372057804
248,2023-06-30,1120.18,1082.44,0.3937271039344675,1,False,40737799216.020775,0.039742890372057804,-0.02223988037320035
249,2023-07-03,1125.5,1083.9704,0.45358956014785623,1,False,39831795434.78902,-0.02223988037320035,-0.02908041078706236
250,2023-07-04,1132.0,1085.6254,0.530123653549235,1,False,38673470461.15912,-0.02908041078706236,-0.004857753984246149
251,2023-07-05,1134.62,1087.4596000000001,0.5425365515048132,1,False,38485604255.941795,-0.004857753984246149,0.06272480031209415
252,2023-07-06,1126.22,1089.1568,0.3830360256240342,1,False,40899606097.786026,0.06272480031209415,-0.057201177973898565
253,2023-07-07,1138.07,1091.2212,0.5376143588311595,1,False,38560100450.32422,-0.057201177973898565,-0.054471571935384655
254,2023-07-10,1149.02,1093.3856,0.6763961815323244,1,False,36459671164.80872,-0.054471571935384655,-0.0033258536598159694
255,2023-07-11,1151.77,1095.6284,0.6844081716609477,1,False,36338411634.02956,-0.0033258536598159694,-0.002160597388072838
256,2023-07-12,1154.2,1097.73,0.6895957457111067,1,False,36259898956.76636,-0.002160597388072838,-0.05751958572289495
257,2023-07-13,1165.42,1100.2262,0.827401344063004,1,False,34174244590.419125,-0.05751958572289495,-0.002925645782788977
258,2023-07-14,1168.4,1102.788,0.8340074447565978,1,False,34074262855.853165,-0.002925645782788977,-0.016391556264674145
259,2023-07-17,1173.13,1105.1817999999998,0.8709112526006255,1,False,33515732659.07415,-0.016391556264674145,0.010317544104936571
260,2023-07-18,1174.09,1107.5882000000001,0.8480631798047966,1,False,33861532708.993412,0.010317544104936571,0.02403646561438033
261,2023-07-19,1172.98,1109.8826,0.7942855394383102,1,False,34675444275.60335,0.02403646561438033,0.01712502551034656
262,2023-07-20,1172.81,1112.1964,0.7550501666436025,1,False,35269262143.405655,0.01712502551034656,-0.07259884899304025
263,2023-07-21,1185.9,1114.5764,0.9242307941624428,1,False,32708754306.960598,-0.07259884899304025,-0.01695599102424339
264,2023-07-24,1190.72,1117.0766,0.960875539234166,1,False,32154144962.517593,-0.01695599102424339,-0.019184613051069555
265,2023-07-25,1195.9,1119.6764,1.0016336956416467,1,False,31537280133.423695,-0.019184613051069555,-0.01616216748917687
266,2023-07-26,1200.84,1122.4844,1.0353118560403516,1,False,31027569329.75421,-0.01616216748917687,0.04692828688328632
267,2023-07-27,1197.33,1125.0647999999999,0.9391047884548532,1,False,32483640004.55197,0.04692828688328632,-0.055405331806399394
268,2023-07-28,1207.67,1127.8768,1.0580209195437236,1,False,30683873151.82014,-0.055405331806399394,-0.09493904633974204
269,2023-07-31,1222.9,1130.922,1.2504982407567502,1,False,27770775496.776722,-0.09493904633974204,0.07209281103594756
270,2023-08-01,1217.56,1133.9562,1.1182151024777331,1,False,29772848766.987568,0.07209281103594756,0.0024314879292841596
271,2023-08-02,1220.43,1137.1290000000001,1.1134319190965294,1,False,29845241089.3849,0.0024314879292841596,0.09938190708419814
272,2023-08-03,1210.95,1140.0554000000002,0.9174540911553808,1,False,32811318066.23564,0.09938190708419814,-0.0858745864968462
273,2023-08-04,1225.98,1143.2998,1.1036254453744305,1,False,29993659694.881157,-0.0858745864968462,-0.0965371236541146
274,2023-08-07,1241.42,1146.6286,1.2949401434142194,1,False,27098158060.07698,-0.0965371236541146,0.021823597293930685
275,2023-08-08,1242.23,1149.9122,1.255865895026675,1,False,27689537348.98738,0.021823597293930685,0.09857121641736999
276,2023-08-09,1233.99,1153.0886,1.0755266124864273,1,False,30418928727.511265,0.09857121641736999,0.12751502728804676
277,2023-08-10,1220.61,1155.933,0.8192377074335221,1,False,34297799254.27301,0.12751502728804676,-0.06115031688363859
278,2023-08-11,1232.21,1158.7604000000001,0.9578141754981108,1,False,32200477961.46279,-0.06115031688363859,-0.013732579981735382
279,2023-08-14,1236.84,1161.5408,0.9870314013299353,1,False,31758282322.406895,-0.013732579981735382,0.03993453650854284
280,2023-08-15,1234.05,1164.0556,0.9032340723979182,1,False,33026534607.259663,0.03993453650854284,-0.04731066973017628
281,2023-08-16,1243.26,1166.73,1.0064737464606721,1,False,31464027136.123363,-0.04731066973017628,0.09439648163541925
282,2023-08-17,1233.48,1169.3732,0.8102305371430252,1,False,34434120595.85477,0.09439648163541925,0.3950515796036649
283,2023-08-18,1177.99,1170.7823999999998,-0.08857827343771597,1,False,48037374329.510284,0.3950515796036649,-0.002464552155238331
284,2023-08-21,1179.76,1172.0572,-0.08075584143516688,1,False,47918983715.0745,-0.002464552155238331,0.002148340249997327
285,2023-08-22,1180.49,1173.2178,-0.08755781885903206,1,False,48021929996.528564,0.002148340249997327,0.04496964121068858
286,2023-08-23,1172.56,1174.3206,-0.2302445389572743,-1,True,50181458958.717255,0.04496964121068858,-0.07328158736753121
287,2023-08-24,1189.39,1175.769,0.012731067041209243,1,True,46504081989.80383,-0.07328158736753121,0.037955824622808
288,2023-08-25,1183.37,1177.132,-0.10389457002430082,1,False,48269182770.05351,0.037955824622808,-0.08134578446804652
289,2023-08-28,1201.72,1179.0584,0.15554099992139575,1,False,44342688231.992,-0.08134578446804652,-0.004614098935166622
290,2023-08-29,1204.43,1180.9125999999999,0.1690596536123974,1,False,44138086681.43834,-0.004614098935166622,-0.03702756809692487
291,2023-08-30,1213.16,1182.8066000000001,0.2770445994311395,1,False,42503760671.17341,-0.03702756809692487,-0.05014534556696004
292,2023-08-31,1224.05,1184.7816,0.4178704905917762,1,False,40372394904.42205,-0.05014534556696004,-0.052218238839521036
293,2023-09-05,1234.98,1186.8936,0.5571641202333351,1,False,38264219544.77948,-0.052218238839521036,-0.051550076163604186
294,2023-09-06,1245.5,1189.163,0.6874948098138134,1,False,36291696112.90523,-0.051550076163604186,0.029882819190562904
295,2023-09-07,1243.14,1191.3392,0.6158386788566791,1,False,37376194305.96603,0.029882819190562904,0.023811564593650747
296,2023-09-08,1241.48,1193.4017999999999,0.5570345888471899,1,False,38266179970.94738,0.023811564593650747,0.12379731398039806
297,2023-09-11,1223.63,1195.3666,0.2440298924736835,1,False,43003430267.641174,0.12379731398039806,-0.1073244930317574
298,2023-09-12,1245.44,1197.8718000000001,0.5489783684891466,1,False,38388108915.540054,-0.1073244930317574,0.057967819321858016
299,2023-09-13,1238.39,1200.1296,0.4019476080017711,1,False,40613383877.263885,0.057967819321858016,0.09663625628546058
300,2023-09-14,1223.81,1201.9658,0.1426289322338216,1,False,44538109250.24695,0.09663625628546058,-0.009099673416628318
301,2023-09-15,1227.36,1203.8206,0.1694071768435239,1,False,44132827001.475586,-0.009099673416628318,0.09351062746347183
302,2023-09-18,1211.81,1205.5324,-0.10326902820826377,1,False,48259715346.12042,0.09351062746347183,0.008811100817896822
303,2023-09-19,1211.5,1207.001,-0.13136470179416293,1,False,48684936563.478096,0.008811100817896822,-0.06417380680188711
304,2023-09-20,1226.11,1208.5428,0.07506725679982812,1,False,45560638850.29132,-0.06417380680188711,0.07655688688740248
305,2023-09-21,1212.74,1209.7622000000001,-0.15539435357583206,1,False,49048619525.27087,0.07655688688740248,0.09976174553565276
306,2023-09-22,1193.05,1210.5392,-0.47870153410132216,-1,True,53941795425.22599,0.09976174553565276,0.1755366629170949
307,2023-09-25,1153.2,1210.2948,-1.1043318105961866,-1,False,63410558185.92678,0.1755366629170949,0.05516390593270737
308,2023-09-26,1137.96,1209.6860000000001,-1.335453715110999,-1,False,66908532252.83571,0.05516390593270737,-0.05815568068044785
309,2023-09-27,1153.85,1209.3004,-1.0783560287201903,-1,False,63017421016.34235,-0.05815568068044785,0.003743735464949438
310,2023-09-28,1152.43,1208.8672,-1.093944025287467,-1,False,63253341570.31088,0.003743735464949438,-0.00792444300985129
311,2023-09-29,1154.15,1208.4906,-1.0608250613606727,-1,False,62752094069.854294,-0.00792444300985129,-0.005528861173466737
312,2023-10-02,1155.25,1208.1393999999998,-1.0379011653144197,-1,False,62405146453.39774,-0.005528861173466737,0.13712810218139349
313,2023-10-03,1118.1,1206.7834,-1.6033214623647725,-1,False,70962645752.9041,0.13712810218139349,-0.03979179300586266
314,2023-10-04,1128.67,1205.5424,-1.4167488767788714,-1,False,68138914841.95618,-0.03979179300586266,0.04610310551596597
315,2023-10-05,1113.89,1203.9022,-1.6243118655250892,-1,False,71280330422.6583,0.04610310551596597,-0.05398646581840938
316,2023-10-06,1128.54,1202.4562,-1.3700512324211536,-1,False,67432157300.77052,-0.05398646581840938,-0.03552313609366731
317,2023-10-09,1137.36,1201.2568,-1.2117796750577352,-1,False,65036755599.88567,-0.03552313609366731,-0.027973035664004886
318,2023-10-10,1143.69,1199.9771999999998,-1.0915745487115716,-1,False,63217480116.018906,-0.027973035664004886,-0.03237908236701725
319,2023-10-11,1150.81,1198.5354,-0.9563279850616437,-1,False,61170556120.30705,-0.03237908236701725,-0.008281808162212023
320,2023-10-12,1151.61,1197.2164,-0.922855179299515,-1,False,60663953309.34284,-0.008281808162212023,-0.017474373677304422
321,2023-10-13,1154.73,1195.9024,-0.8528134517160832,-1,False,59603888720.47284,-0.017474373677304422,0.04780974613832645
322,2023-10-16,1141.42,1194.5118,-1.0410983790408281,-1,False,62453535509.05571,0.04780974613832645,0.0676932523416287
323,2023-10-17,1121.65,1192.4252,-1.320434392921927,-1,False,66681218447.89709,0.0676932523416287,0.05553583606000223
324,2023-10-18,1103.4,1189.6648,-1.5651160220550535,-1,False,70384415663.9007,0.05553583606000223,0.042331320435297304
325,2023-10-19,1087.85,1186.5772,-1.7619784545845365,-1,False,73363880917.02043,0.042331320435297304,-0.07397157957373945
326,2023-10-20,1108.03,1184.058,-1.4034103033076393,-1,False,67937038761.92871,-0.07397157957373945,0.04208265209670725
327,2023-10-23,1093.53,1181.5164,-1.5923112945421163,-1,False,70796009528.62747,0.04208265209670725,-0.05030409660850421
328,2023-10-24,1105.9,1178.9902,-1.3570033147432263,-1,False,67234680225.80281,-0.05030409660850421,0.005463206209366467
329,2023-10-25,1101.66,1176.2866000000001,-1.3812730734845868,-1,False,67601997148.29718,0.005463206209366467,0.15079048475897827
330,2023-10-26,1055.45,1172.7146,-2.0548046884377262,-1,False,77795735068.96397,0.15079048475897827,-0.027113606219029585
331,2023-10-27,1060.62,1169.0618000000002,-1.9154352355457438,-1,False,75686412142.78413,-0.027113606219029585,0.04548130889536228
332,2023-10-30,1042.4,1165.2402,-2.1428797124147576,-1,False,79128729232.63179,0.04548130889536228,0.03388152885640383
333,2023-10-31,1028.19,1162.2442,-2.3200217812286006,-1,False,81809731555.49777,0.03388152885640383,-0.04170772563143188
334,2023-11-01,1039.66,1159.4422,-2.0945739832875305,-1,False,78397633717.79997,-0.04170772563143188,-0.11560910810847014
335,2023-11-02,1075.47,1157.3418000000001,-1.4957219514023725,-1,False,69334153205.87059,-0.11560910810847014,-0.011122436453565254
336,2023-11-03,1076.78,1155.4261999999999,-1.4447687271143432,-1,False,68562988492.776535,-0.011122436453565254,-0.05186712731725862
337,2023-11-06,1089.66,1153.4316000000001,-1.2098019519423862,-1,False,65006823239.36996,-0.05186712731725862,0.026878189035858036
338,2023-11-07,1080.29,1151.37,-1.3252491693241457,-1,False,66754088923.01835,0.026878189035858036,-0.12501334089735372
339,2023-11-08,1113.43,1149.6042,-0.7738593329051919,-1,False,58408937248.192795,-0.12501334089735372,-0.009294718039480787
340,2023-11-09,1113.89,1147.7934,-0.7379886168482569,-1,False,57866042645.485115,-0.009294718039480787,0.04123450669310791
341,2023-11-10,1101.68,1145.5638,-0.895644110301943,-1,False,60252120368.25404,0.04123450669310791,-0.003450514323441567
342,2023-11-13,1100.07,1143.0842000000002,-0.8819074647659672,-1,False,60044219563.905655,-0.003450514323441567,-0.04843703464213689
343,2023-11-14,1109.73,1140.5792,-0.6897429144609519,-1,False,57135855620.82868,-0.04843703464213689,-0.0637276357005303
344,2023-11-15,1122.5,1138.1192,-0.44916205945517784,-1,False,53494722628.38641,-0.0637276357005303,-0.02405390161953358
345,2023-11-16,1125.53,1135.767,-0.3641420806099974,-1,False,52207965833.11897,-0.02405390161953358,0.0986117369498869
346,2023-11-17,1101.19,1132.9612,-0.7043072971474478,-1,False,57356284026.54318,0.0986117369498869,-0.020296964083702296
347,2023-11-20,1103.66,1130.5618,-0.6273877688897235,-1,False,56192125589.68181,-0.020296964083702296,-0.04041722544060844
348,2023-11-21,1110.46,1127.8622,-0.47732723768730373,-1,False,53920995781.73666,-0.04041722544060844,-0.025944094763295844
349,2023-11-22,1113.82,1125.3708,-0.3848955361127267,-1,False,52522064357.44401,-0.025944094763295844,0.10298087191163496
350,2023-11-23,1088.49,1122.6644000000001,-0.742269471195375,-1,False,57930832339.5726,0.10298087191163496,-0.040258180602613436
351,2023-11-24,1095.61,1120.0294000000001,-0.588174511209733,-1,False,55598642428.78637,-0.040258180602613436,0.02182270076884607
352,2023-11-27,1088.06,1117.5544,-0.6683418020274793,-1,False,56811954965.66385,0.02182270076884607,-0.040783399472291815
353,2023-11-28,1095.43,1115.233,-0.5152515001100119,-1,False,54494970311.49733,-0.040783399472291815,-0.043152659739684296
354,2023-11-29,1102.8,1112.7668,-0.359873863471288,-1,False,52143367400.121086,-0.043152659739684296,0.02887529492891816
355,2023-11-30,1094.13,1110.3946,-0.45935712733572287,-1,False,53649022512.38652,0.02887529492891816,-0.04388479205993534
356,2023-12-01,1102.16,1108.5768,-0.3037962511751256,-1,False,51294646315.21165,-0.04388479205993534,-0.08848240111785666
357,2023-12-04,1120.49,1107.9226,-0.003912136427873632,1,True,46755972844.7505,-0.08848240111785666,0.020863203408307163
358,2023-12-05,1115.97,1107.4828,-0.06836505859429144,1,False,47731452216.763824,0.020863203408307163,-0.05513865806759233
359,2023-12-06,1126.43,1106.9344,0.10552924765952239,1,False,45099603993.91406,-0.05513865806759233,0.022907003249557967
360,2023-12-07,1121.49,1106.3156,0.037269366461168345,1,False,46132700769.15643,0.022907003249557967,-0.018367327901525843
361,2023-12-08,1124.44,1105.7214000000001,0.09325535899639044,1,False,45285366327.14636,-0.018367327901525843,-0.008737290014676602
362,2023-12-11,1125.5,1105.1264,0.11939858388375452,1,False,44889694948.12521,-0.008737290014676602,-0.010328978552751167
363,2023-12-12,1127.63,1105.317,0.15003433635901742,1,False,44426030251.76649,-0.010328978552751167,0.07071545271967605
364,2023-12-13,1114.2,1105.0276,-0.057541289595605415,1,False,47567637093.55818,0.07071545271967605,0.020077983878507677
365,2023-12-14,1110.13,1104.9524000000001,-0.1206451897648188,1,False,48522699344.261345,0.020077983878507677,0.03599347651496143
366,2023-12-15,1102.3,1104.4276,-0.23604185831296115,-1,True,50269199983.55155,0.03599347651496143,0.045230714501089064
367,2023-12-18,1091.88,1103.518,-0.3862729918288455,-1,False,52542911816.20572,0.045230714501089064,-0.024424114524607576
368,2023-12-19,1096.3,1102.5702,-0.30148048273495487,-1,False,51259597720.550354,-0.024424114524607576,-0.025470274263690418
369,2023-12-20,1100.76,1101.5692,-0.21521573886190118,-1,False,49954001707.961494,-0.025470274263690418,-0.012699944196055135
370,2023-12-21,1102.43,1100.5855999999999,-0.17329811858328306,1,True,49319588673.90074,-0.012699944196055135,-0.008063319892849363
371,2023-12-22,1103.06,1099.5522,-0.14702220300767346,1,False,48921909053.43933,-0.008063319892849363,-0.07367095931755485
372,2023-12-25,1117.66,1099.0770000000002,0.09111335217178114,1,False,45317785081.82629,-0.07367095931755485,-0.02415148010905588
373,2023-12-26,1122.25,1099.0890000000002,0.1634297772680676,1,False,44223293496.83609,-0.02415148010905588,0.0034155856231843362
374,2023-12-27,1121.99,1099.4608,0.1534495419304036,1,False,44374341942.31374,0.0034155856231843362,-0.032964202935874765
375,2023-12-28,1128.93,1100.2824,0.25009891181007293,1,False,42911577129.38142,-0.032964202935874765,-0.0031311110987298774
376,2023-12-29,1129.93,1100.7204000000002,0.2589765507144211,1,False,42777216213.967606,-0.0031311110987298774,-0.005735299870898269
377,2024-01-02,1131.72,1101.4841999999999,0.2751869297956416,1,False,42531876051.33825,-0.005735299870898269,-0.06568042414648967
378,2024-01-03,1144.17,1102.2496,0.45976283645358396,1,False,39738364392.54043,-0.06568042414648967,-0.03350335286211592
379,2024-01-04,1150.72,1103.2308,0.5477304441591766,1,False,38406995948.133804,-0.03350335286211592,-0.012296495305868738
380,2024-01-05,1154.68,1105.2154,0.5789348710126514,1,False,37934724502.745056,-0.012296495305868738,-0.022175305031763126
381,2024-01-08,1160.19,1107.2068000000002,0.6345164728789218,1,False,37093510415.600784,-0.022175305031763126,0.025289809955824527
382,2024-01-09,1158.59,1109.5306,0.5725341249556338,1,False,38031598244.60573,0.025289809955824527,-0.001779010442729101
383,2024-01-10,1161.54,1112.1976,0.5770045374288226,1,False,37963939634.1749,-0.001779010442729101,0.011154059783039516
384,2024-01-11,1162.22,1114.6488,0.549025758020667,1,False,38387391686.454185,0.011154059783039516,0.05670337445053564
385,2024-01-12,1154.7,1116.2334,0.4052048484680978,1,False,40564086331.43058,0.05670337445053564,0.012534920728474397
386,2024-01-15,1154.12,1117.7802000000001,0.3716088299240175,1,False,41072553938.01805,0.012534920728474397,-0.043835507995493406
387,2024-01-16,1163.12,1119.2494,0.4905691912423079,1,False,39272117671.472725,-0.043835507995493406,0.013604763006344278
388,2024-01-17,1162.53,1120.8942000000002,0.4552671495635847,1,False,39806405525.150375,0.013604763006344278,-0.03253678060405696
389,2024-01-18,1169.06,1122.0068,0.5408431655785755,1,False,38511233241.94244,-0.03253678060405696,-0.06883266680489919
390,2024-01-19,1181.5,1123.359,0.7159917147665673,1,False,35860402355.954056,-0.06883266680489919,0.0017573848832916905
391,2024-01-22,1182.86,1124.9826,0.7118277545971926,1,False,35923422884.963165,0.0017573848832916905,0.04597788355055621
392,2024-01-23,1177.5,1126.5312,0.6026959821157184,1,False,37575105839.105385,0.04597788355055621,0.036870147702011025
393,2024-01-24,1172.97,1127.796,0.5111583630357769,1,False,38960505541.3119,0.036870147702011025,0.02182954862035924
394,2024-01-25,1170.37,1128.7534,0.454963856561871,1,False,39810995791.29974,0.02182954862035924,-0.025805909200097177
395,2024-01-26,1175.67,1129.7562,0.5228446215080874,1,False,38783636848.74401,-0.025805909200097177,0.00906161156138352
396,2024-01-29,1175.69,1131.2462,0.4996237510643251,1,False,39135079100.80509,0.00906161156138352,-0.014907192008445036
397,2024-01-30,1179.65,1132.766,0.5381703960009698,1,False,38551684962.383705,-0.014907192008445036,0.10180921113830044
398,2024-01-31,1164.31,1133.8429999999998,0.27883908302461874,1,False,42476601596.45627,0.10180921113830044,-0.042359525771430984
399,2024-02-01,1173.02,1135.027,0.39772362109247444,1,False,40677312896.44837,-0.042359525771430984,0.012643437660893708
400,2024-02-02,1172.55,1136.7082,0.3637421676920521,1,False,41191613966.26728,0.012643437660893708,-0.0679126706087474
401,2024-02-05,1186.06,1138.5172,0.5485771371222954,1,False,38394181455.13349,-0.0679126706087474,-0.002562988110376363
402,2024-02-06,1188.48,1140.5256,0.5550789808465508,1,False,38295777624.55635,-0.002562988110376363,-0.049868212572931725
403,2024-02-07,1198.53,1142.5876,0.6812615067681601,1,False,36386035645.329254,-0.049868212572931725,-0.012983411982848803
404,2024-02-15,1202.5,1144.5816,0.7124754115279397,1,False,35913620754.12332,-0.012983411982848803,-0.03254332697369555
405,2024-02-16,1209.7,1146.893,0.7896982327873778,1,False,34744872051.11259,-0.03254332697369555,-0.08817061355704636
406,2024-02-19,1224.97,1149.3491999999999,0.9921115591086556,1,False,31681395364.40492,-0.08817061355704636,-0.021873618089312874
407,2024-02-20,1230.06,1151.5406,1.0378993244612287,1,False,30988408621.667397,-0.021873618089312874,0.017755359628196077
408,2024-02-21,1230.04,1153.822,1.001545235182814,1,False,31538618961.05059,0.017755359628196077,0.03598885979687583
409,2024-02-22,1227.31,1155.8396,0.926549721904714,1,False,32673657897.02693,0.03598885979687583,0.12527018384940725
410,2024-02-23,1212.0,1157.6498,0.6561103027405727,1,False,36766693028.82013,0.12527018384940725,-0.06616579879625173
411,2024-02-26,1224.17,1159.6444000000001,0.8168461157429202,1,False,34333995415.471664,-0.06616579879625173,-0.0769495372917115
412,2024-02-27,1237.46,1161.8836000000001,0.9914101940421874,1,False,31692010354.875378,-0.0769495372917115,-0.10977352176595989
413,2024-02-28,1254.55,1164.422,1.2212746963207213,1,False,28213066766.377438,-0.10977352176595989,0.03890055470533493
414,2024-02-29,1252.73,1167.1926,1.1487592351920592,1,False,29310570713.52817,0.03890055470533493,-0.021101279616832835
415,2024-03-01,1258.28,1170.1556,1.1896248078709788,1,False,28692080165.17306,-0.021101279616832835,0.00043495577949470565
416,2024-03-04,1261.41,1173.3378,1.18880023002257,1,False,28704559951.26663,0.00043495577949470565,-0.0417109484576611
417,2024-03-05,1269.98,1176.8998,1.2679091546364203,1,False,27507265530.639503,-0.0417109484576611,0.09194273417211285
418,2024-03-06,1262.73,1180.2284000000002,1.100804188598063,1,False,30036358733.124813,0.09194273417211285,-0.01891192740876524
419,2024-03-07,1268.46,1183.5824,1.1383366975602283,1,False,29468313297.140324,-0.01891192740876524,0.19478009719371614
420,2024-03-08,1247.35,1186.4808,0.7590877547289252,1,False,35208154225.29219,0.19478009719371614,0.09851874888807588
421,2024-03-11,1235.49,1189.1294,0.5299025024021495,1,False,38676817530.2264,0.09851874888807588,-0.04304223123331108
422,2024-03-12,1245.0,1191.6761999999999,0.6398967643572554,1,False,37012081006.72182,-0.04304223123331108,-0.14562620145104244
423,2024-03-13,1270.51,1194.6414,0.9960259344120305,1,False,31622152241.914646,-0.14562620145104244,0.068764931805124
424,2024-03-14,1264.26,1197.4868000000001,0.8523503527561156,1,False,33796647384.361156,0.068764931805124,0.022473992561015788
425,2024-03-15,1263.78,1200.1838,0.8021648388786807,1,False,34556192986.264565,0.022473992561015788,0.15561462400823656
426,2024-03-18,1243.56,1202.4564,0.44686024667231455,1,False,39933641964.97819,0.15561462400823656,0.019845180293713627
427,2024-03-19,1242.46,1204.6712,0.3944979736471589,1,False,40726132289.557785,0.019845180293713627,-0.08982681314346286
428,2024-03-20,1260.08,1206.9894,0.6362130181072635,1,False,37067833614.32773,-0.08982681314346286,-0.08917353559588803
429,2024-03-21,1276.42,1209.5034,0.8546155723626727,1,False,33762363834.058018,-0.08917353559588803,-0.02009347117971827
430,2024-03-22,1281.8,1212.0458,0.8994397505743835,1,False,33083960749.39921,-0.02009347117971827,0.11629658106811247
431,2024-03-25,1267.86,1214.1992,0.6452201883977603,1,False,36931512272.74597,0.11629658106811247,-0.07688971346968276
432,2024-03-26,1282.21,1216.6716000000001,0.8328448215833564,1,False,34091858876.09246,-0.07688971346968276,0.010876715133850912
433,2024-03-27,1283.09,1219.1026,0.8083444337886129,1,False,34462666313.47117,0.010876715133850912,-0.03143132254636327
434,2024-03-28,1290.18,1221.6617999999999,0.879915263589022,1,False,33379459132.764767,-0.03143132254636327,0.06215369893939782
435,2024-03-29,1284.09,1224.2496,0.7428363047203924,1,False,35454115986.46256,0.06215369893939782,0.03451201042238239
436,2024-04-01,1281.52,1226.7975999999999,0.6619897639508915,1,False,36677708806.90371,0.03451201042238239,-0.019826065644510393
437,2024-04-02,1287.04,1229.2759999999998,0.710036430305821,1,False,35950534144.4078,-0.019826065644510393,0.11803214149386343
438,2024-04-03,1271.47,1231.4548,0.42966732463762936,1,False,40193852677.32051,0.11803214149386343,0.030952633037792943
439,2024-04-04,1268.25,1233.4386,0.34746544326671247,1,False,41437958249.61672,0.030952633037792943,0.084305109701303
440,2024-04-05,1255.11,1234.9108,0.11664367245151336,1,False,44931389865.648674,0.084305109701303,0.03250976122900484
441,2024-04-08,1250.35,1236.2606,0.02013015256219711,1,False,46392098621.86824,0.03250976122900484,-0.05546897868147671
442,2024-04-09,1262.82,1237.9669999999999,0.19015747304415634,1,False,43818776292.42287,-0.05546897868147671,0.03258229323300088
443,2024-04-10,1258.56,1239.6788,0.09582387160466137,1,False,45246492510.693855,0.03258229323300088,0.011183828836588416
444,2024-04-11,1258.2,1241.4354,0.062388977467744536,1,False,45752521538.389435,0.011183828836588416,-0.08559977426164733
445,2024-04-12,1276.6,1243.454,0.3211579346700845,1,False,41836116022.80214,-0.08559977426164733,0.347495236887011
446,2024-04-15,1216.61,1244.2724,-0.6394025947805616,-1,True,56373967070.57825,0.347495236887011,0.007000029686299092
447,2024-04-16,1215.68,1244.993,-0.6654763150216954,-1,False,56768586513.60674,0.007000029686299092,0.09789024702505378
448,2024-04-17,1193.01,1245.567,-1.032650405222242,-1,False,62325677470.686844,0.09789024702505378,0.06980071624312978
449,2024-04-19,1174.85,1245.6036,-1.3200931882950013,-1,False,66676054398.47909,0.06980071624312978,-0.053844129338355806
450,2024-04-22,1190.22,1245.957,-1.082883308631197,-1,False,63085940301.67613,-0.053844129338355806,0.04792749255704143
451,2024-04-23,1177.4,1245.7838,-1.2826586176979737,-1,False,66109491235.938675,0.04792749255704143,-0.10077882138171235
452,2024-04-24,1205.61,1246.1264,-0.8424509408241777,-1,False,59447054627.03613,-0.10077882138171235,0.003091858935945435
453,2024-04-25,1204.97,1246.2551999999998,-0.8545952981011538,-1,False,59630856534.100365,0.003091858935945435,-0.017679288658808967
454,2024-04-26,1209.52,1246.3956,-0.7849390053740749,-1,False,58576625408.46198,-0.017679288658808967,-0.027373330797406004
455,2024-05-02,1216.36,1246.5287999999998,-0.678994968712697,-1,False,56973188064.160416,-0.027373330797406004,-0.01992737050859894
456,2024-05-03,1221.03,1246.45,-0.6039804996219945,-1,False,55837862236.549805,-0.01992737050859894,-0.08700075270833718
457,2024-05-06,1241.58,1246.6804,-0.2830017247450804,-1,False,50979926192.345535,-0.08700075270833718,-0.031318204626777035
458,2024-05-07,1248.63,1247.0522,-0.17750946828417452,1,True,49383326431.99567,-0.031318204626777035,-0.006617970282553842
459,2024-05-08,1250.46,1247.5152,-0.1559156384225272,1,False,49056509045.215065,-0.006617970282553842,0.012441042965654292
460,2024-05-09,1248.64,1248.248,-0.19624097044214195,1,False,49666823181.99159,0.012441042965654292,0.020942060587855194
461,2024-05-10,1244.7,1248.6585999999998,-0.26496526904936957,-1,True,50706948802.275154,0.020942060587855194,0.021567673384405683
462,2024-05-13,1240.18,1248.713,-0.33722482670783804,-1,False,51800579712.362404,0.021567673384405683,-0.015347792214503997
463,2024-05-14,1243.28,1248.4876000000002,-0.2846951106713217,-1,False,51005555178.346214,-0.015347792214503997,-0.05191985533237031
464,2024-05-15,1254.39,1248.5208,-0.10972032309889487,1,True,48357354132.33925,-0.05191985533237031,-0.07010521715313434
465,2024-05-16,1268.78,1248.7308,0.11427419587562145,1,False,44967251319.94059,-0.07010521715313434,-0.02177711000311422
466,2024-05-17,1273.11,1248.9648000000002,0.17897670290803183,1,False,43987994541.40856,-0.02177711000311422,-0.023468488201080273
467,2024-05-20,1277.58,1249.1168,0.2471860352727723,1,False,42955662810.52433,-0.023468488201080273,0.004052909334379962
468,2024-05-21,1277.14,1249.405,0.2356830163223353,1,False,43129758217.29359,0.004052909334379962,0.056534975299554535
469,2024-05-22,1266.91,1249.374,0.07457440567204375,1,False,45568098032.784035,0.056534975299554535,-0.07054752188608038
470,2024-05-23,1281.03,1250.0475999999999,0.2869806045393907,1,False,42353381639.50915,-0.07054752188608038,0.11080064711985349
471,2024-05-24,1261.93,1250.5764,-0.023085940880004683,1,False,47046163732.88088,0.11080064711985349,-0.026914926594268418
472,2024-05-27,1267.68,1251.03,0.06057869736376333,1,False,45779919689.46846,-0.026914926594268418,-0.07220139686014548
473,2024-05-28,1281.73,1251.2544,0.27897493301496823,1,False,42474545539.74356,-0.07220139686014548,0.0521082285926564
474,2024-05-29,1272.64,1251.422,0.1327371573549903,1,False,44687818868.09771,0.0521082285926564,0.034083285451528944
475,2024-05-30,1266.32,1251.4728,0.03210074822361532,1,False,46210926554.7853,0.034083285451528944,0.025677559141887185
476,2024-05-31,1261.72,1251.836,-0.04630049271956615,1,False,47397510354.39721,0.025677559141887185,-0.08841851254409738
477,2024-06-03,1280.0,1252.5868,0.23059969924151458,1,False,43206692990.567955,-0.08841851254409738,-0.016883259168431697
478,2024-06-04,1283.52,1253.0556,0.27879801209730276,1,False,42477223194.99734,-0.016883259168431697,-0.0037788691759315096
479,2024-06-05,1284.35,1253.2142,0.2894037892510038,1,False,42316707325.5866,-0.0037788691759315096,0.004662125820900087
480,2024-06-06,1283.56,1253.2494,0.27636850878148533,1,False,42513993139.46469,0.004662125820900087,-0.02038846962761398
481,2024-06-07,1287.58,1253.6437999999998,0.3336403372718967,1,False,41647197881.592125,-0.02038846962761398,-0.016766896057643255
482,2024-06-10,1290.67,1253.813,0.37977878515770386,1,False,40948903643.61937,-0.016766896057643255,0.03670256119234261
483,2024-06-11,1284.41,1253.8394,0.2804756015130349,1,False,42451833285.35865,0.03670256119234261,-0.08774089634276827
484,2024-06-12,1300.19,1254.0396,0.5265820758937969,1,False,38727071381.507515,-0.08774089634276827,-0.005998041808500165
485,2024-06-13,1301.51,1254.388,0.5419299655013893,1,False,38494784788.24046,-0.005998041808500165,0.13394934372410994
486,2024-06-14,1279.91,1254.3558,0.20123398621093536,1,False,43651135947.426125,0.13394934372410994,0.026807622202359438
487,2024-06-17,1274.77,1254.1104,0.12391638588846013,1,False,44821319108.60856,0.026807622202359438,-0.024373123103101357
488,2024-06-18,1279.5,1254.271,0.19609696099439708,1,False,43728883580.331055,-0.024373123103101357,-0.00032366068987788044
489,2024-06-19,1279.79,1254.5018,0.19703211441634866,1,False,43714730259.70386,-0.00032366068987788044,-0.010753170385959354
490,2024-06-20,1282.3,1255.0456,0.2280912133731692,1,False,43244658316.84501,-0.010753170385959354,0.005049695326571069
491,2024-06-21,1282.02,1255.6789999999999,0.21366268067702635,1,False,43463030665.84675,0.005049695326571069,0.15251194198319618
492,2024-06-24,1254.12,1255.505,-0.22431136961123793,-1,True,50091661877.17024,0.15251194198319618,-0.011836488457515615
493,2024-06-25,1256.56,1255.465,-0.18513602355645217,1,True,49498752499.54334,-0.011836488457515615,-0.022310492190940612
494,2024-06-26,1261.24,1255.5258000000001,-0.11216878222732189,1,False,48394410968.44098,-0.022310492190940612,0.00889130847178965
495,2024-06-27,1259.09,1255.1756,-0.14059934183594955,1,False,48824700604.67194,0.00889130847178965,0.07023820133168668
496,2024-06-28,1245.32,1255.7498,-0.36718764783554714,-1,True,52254059755.70222,0.07023820133168668,-0.03871775350648621
497,2024-07-01,1254.56,1256.5274,-0.2335112573299058,-1,False,50230899950.36774,-0.03871775350648621,-0.06517914937364411
498,2024-07-02,1269.79,1258.0629999999999,-0.0171875238570799,1,True,46956892619.33015,-0.06517914937364411,-0.02555883215484378
499,2024-07-03,1276.85,1260.1029999999998,0.062110958882841176,1,False,45756729282.359665,-0.02555883215484378,-0.0065134155669897
500,2024-07-04,1279.89,1261.8964,0.08180288887957056,1,False,45458696689.55741,-0.0065134155669897,-0.005454841882162276
501,2024-07-05,1283.04,1264.0092,0.09818702957635247,1,False,45210726686.9467,-0.005454841882162276,0.005494278864002222
502,2024-07-08,1283.56,1265.5682000000002,0.08177445516065619,1,False,45459127027.00897,0.005494278864002222,-0.0440464319823638
503,2024-07-09,1293.71,1267.343,0.2140733899501788,1,False,43456814680.43619,-0.0440464319823638,0.05115486858088403
504,2024-07-10,1285.94,1268.8714,0.06719111666155789,1,False,45679842324.357735,0.05115486858088403,0.018259467833442233
505,2024-07-11,1283.8,1270.2202,0.012080250808361823,1,False,46513931935.91605,0.018259467833442233,0.021815737100938204
506,2024-07-12,1280.75,1271.4145999999998,-0.054966458383133694,1,False,47528667646.56093,0.021815737100938204,0.008525099446081041
507,2024-07-15,1279.82,1272.1794,-0.08173838438863881,1,False,47933854264.78759,0.008525099446081041,-0.003536230149231545
508,2024-07-16,1281.18,1272.8303999999998,-0.07053865843990832,1,False,47764349124.16758,-0.003536230149231545,0.06448868044467493
509,2024-07-17,1268.66,1273.1944,-0.2740608997987063,-1,True,50844608971.48391,0.06448868044467493,-0.024751846749204498
510,2024-07-18,1274.44,1273.7104,-0.19090806849532868,1,True,49586111002.19851,-0.024751846749204498,0.0485113810044997
511,2024-07-19,1264.78,1274.112,-0.3498462386021037,-1,True,51991601725.55757,0.0485113810044997,0.047957268313677304
512,2024-07-22,1254.64,1274.4012,-0.5145912059708632,-1,False,54484976919.567986,0.047957268313677304,0.09916989106520546
513,2024-07-23,1231.81,1274.1717999999998,-0.8716018213118722,-1,False,59888246145.37178,0.09916989106520546,-0.027858062167263165
514,2024-07-24,1238.47,1273.8534,-0.7613674523970786,-1,False,58219875661.16566,-0.027858062167263165,0.01875903416557123
515,2024-07-25,1233.19,1273.1416,-0.8335290716904059,-1,False,59312024297.80878,0.01875903416557123,-0.03845406593300282
516,2024-07-26,1242.11,1272.5215999999998,-0.682830361463544,-1,False,57031235804.84097,-0.03845406593300282,-0.021419570552197564
517,2024-07-29,1246.6,1271.902,-0.6021165113822922,-1,False,55809651225.840164,-0.021419570552197564,0.003848549468682849
518,2024-07-30,1245.06,1271.2604000000001,-0.6163080964208476,-1,False,56024437429.41274,0.003848549468682849,-0.028838809065576787
519,2024-07-31,1251.51,1270.9524000000001,-0.5095552784215664,-1,False,54408759375.379555,-0.028838809065576787,0.1031228716182071
520,2024-08-01,1226.96,1269.871,-0.8802772648817482,-1,False,60019546883.35274,0.1031228716182071,-0.040417036450458244
521,2024-08-02,1236.6,1269.3644,-0.7199963913819696,-1,False,57593734669.22828,-0.040417036450458244,0.19484269471691773
522,2024-08-05,1188.07,1267.7722,-1.4614498422086415,-1,False,68815453130.99188,0.19484269471691773,-0.0821258287624882
523,2024-08-06,1210.28,1266.3432,-1.088036130358241,-1,False,63163927010.94301,-0.0821258287624882,-0.025492827776555038
524,2024-08-07,1215.88,1265.2079999999999,-0.9816434727984914,-1,False,61553699897.96214,-0.025492827776555038,0.024857786274308458
525,2024-08-08,1208.32,1264.048,-1.0827411400366433,-1,False,63083788614.41861,0.024857786274308458,-0.06094640963585185
526,2024-08-09,1223.64,1263.2864,-0.8287079766839867,-1,False,59239058192.14277,-0.06094640963585185,-0.0308108304443806
527,2024-08-12,1230.28,1262.292,-0.7081110968772837,-1,False,57413853614.49986,-0.0308108304443806,-0.0050052342591213606
528,2024-08-13,1230.42,1261.23,-0.6891236912491192,-1,False,57126483827.44039,-0.0050052342591213606,-0.004267899187516133
529,2024-08-14,1230.36,1260.1502,-0.6730144098351439,-1,False,56882673753.5276,-0.004267899187516133,0.02353665076821887
530,2024-08-15,1223.56,1258.9502,-0.7614748686685209,-1,False,58221501380.42692,0.02353665076821887,-0.12063148696570547
531,2024-08-16,1252.23,1258.2432000000001,-0.297420779534922,-1,False,51198155095.53014,-0.12063148696570547,-0.046560865338189705
532,2024-08-19,1261.62,1257.6621999999998,-0.13991377327998697,1,True,48814324690.563416,-0.046560865338189705,-0.05469323945483007
533,2024-08-20,1272.55,1257.425,0.03648901884217224,1,False,46144511141.43661,-0.05469323945483007,-0.061254349479512915
534,2024-08-21,1284.05,1257.1022,0.2232480032520399,1,False,43317959129.41777,-0.061254349479512915,0.0049418065575790315
535,2024-08-22,1282.78,1256.7276,0.20910380774500478,1,False,43532028103.90447,0.0049418065575790315,-0.013355359773115083
536,2024-08-23,1285.32,1256.8358,0.2475177619933968,1,False,42950642206.92347,-0.013355359773115083,0.030085876949041523
537,2024-08-26,1280.02,1256.9408,0.16213762270868112,1,False,44242849943.24328,0.030085876949041523,-0.0028034544957404872
538,2024-08-27,1280.56,1256.962,0.17033285235917428,1,False,44118817126.66552,-0.0028034544957404872,-0.004589825651653556
539,2024-08-28,1281.44,1256.995,0.18371249675772602,1,False,43916319448.09694,-0.004589825651653556,-0.00025368606947662187
540,2024-08-29,1281.47,1256.9784,0.18444861414730218,1,False,43905178489.63027,-0.00025368606947662187,-0.012867216640800927
541,2024-08-30,1283.87,1257.0154,0.221775768472884,1,False,43340241046.351166,-0.012867216640800927,0.04690813208150724
542,2024-09-04,1275.8,1257.4489999999998,0.08744856173440237,1,False,45373250797.79777,0.04690813208150724,0.04122019794968712
543,2024-09-05,1268.21,1257.682,-0.03612753995372755,1,False,47243545177.303795,0.04122019794968712,-0.02781053051334803
544,2024-09-06,1273.96,1257.9364,0.050683763182828086,1,False,45929677122.59165,-0.02781053051334803,0.03332830157251121
545,2024-09-09,1267.73,1258.1091999999999,-0.05045813428473288,1,False,47460435252.86146,0.03332830157251121,0.06396568938089686
546,2024-09-10,1255.23,1258.3074000000001,-0.2510453839915239,-1,True,50496274712.12817,0.06396568938089686,0.009157536905697095
547,2024-09-11,1253.27,1258.2816,-0.28159899461215127,-1,False,50958696211.40469,0.009157536905697095,-0.01571113431875082
548,2024-09-12,1256.35,1258.0128,-0.22869964022979125,-1,False,50158077290.5189,-0.01571113431875082,0.019719789475087346
549,2024-09-13,1251.71,1257.5099999999998,-0.29405296349504545,-1,False,51147184015.16309,0.019719789475087346,0.05439648942724329
550,2024-09-16,1239.26,1256.6974,-0.47788327485711407,-1,False,53929411269.67718,0.05439648942724329,-0.0894243130857274
551,2024-09-17,1258.95,1256.2156000000002,-0.15923922423298387,1,True,49106810711.76861,-0.0894243130857274,-0.0307844803999191
552,2024-09-18,1264.9,1255.8424,-0.05935472900169061,1,False,47595083059.90963,-0.0307844803999191,-0.034251729213024884
553,2024-09-19,1271.27,1255.3936,0.048358516836348946,1,False,45964869163.070175,-0.034251729213024884,-0.005450946165665216
554,2024-09-20,1272.04,1255.1156,0.0649132598465955,1,False,45714317135.750435,-0.005450946165665216,0.017015650675008098
555,2024-09-23,1268.48,1254.8092,0.013517733264406147,1,False,46492175986.9789,0.017015650675008098,-0.044147608474085276
556,2024-09-24,1276.99,1254.7340000000002,0.14913393526017382,1,False,44439657604.397484,-0.044147608474085276,-0.055609891511002485
557,2024-09-25,1287.48,1254.8872000000001,0.31241930505818627,1,False,41968373066.23084,-0.055609891511002485,-0.021668666167646733
558,2024-09-26,1291.49,1255.0934,0.3725060717207607,1,False,41058974400.65943,-0.021668666167646733,0.005911261208804586
559,2024-09-27,1290.92,1255.5386,0.3564694542551089,1,False,41301684723.30735,0.005911261208804586,0.018812747749416436
560,2024-09-30,1287.94,1255.8086,0.3051307951107375,1,False,42078682899.63286,0.018812747749416436,-0.021088013308698472
561,2024-10-01,1292.2,1256.357,0.36376112350466167,1,False,41191327074.6329,-0.021088013308698472,0.02915952768994412
562,2024-10-02,1287.84,1257.021,0.2843994547227146,1,False,42392446717.0512,0.02915952768994412,0.0601508254115779
563,2024-10-03,1278.1,1257.9468,0.115917032968242,1,False,44942387378.298164,0.0601508254115779,0.04331552679651551
564,2024-10-04,1270.6,1258.5894,-0.01270763347759345,1,False,46889090563.08222,0.04331552679651551,0.007162742318712834
565,2024-10-07,1269.93,1259.3242,-0.034898571436363435,1,False,47224945036.34437,0.007162742318712834,-0.007353789889981144
566,2024-10-08,1271.98,1259.9216000000001,-0.01195256027540772,1,False,46877662712.981186,-0.007353789889981144,-0.046741555155036196
567,2024-10-09,1281.85,1260.6265999999998,0.13282245851172264,1,False,44686527855.743195,-0.046741555155036196,-0.019709683425247704
568,2024-10-10,1286.36,1261.4525999999998,0.19101680321568038,1,False,43805770538.332985,-0.019709683425247704,-0.007053460911252141
569,2024-10-11,1288.39,1262.1902,0.21143221339358434,1,False,43496788248.15357,-0.007053460911252141,0.017795190417772222
570,2024-10-14,1286.34,1263.3778,0.16028943097948437,1,False,44270821877.59098,0.017795190417772222,0.033209774137245684
571,2024-10-15,1281.08,1264.2674,0.06314720997203066,1,False,45741045873.016014,0.033209774137245684,0.017918295665989792
572,2024-10-16,1279.48,1266.0955999999999,0.008993612655499746,1,False,46560647457.04031,0.017918295665989792,-0.028319063918147314
573,2024-10-17,1286.52,1267.6204,0.09611452739796991,1,False,45242093505.63406,-0.028319063918147314,0.012955183182991936
574,2024-10-18,1285.46,1269.012,0.05738780224155935,1,False,45828213114.581604,0.012955183182991936,0.03713835877563909
575,2024-10-21,1279.77,1270.4409999999998,-0.055067556050371606,1,False,47530197735.27738,0.03713835877563909,0.054349028910364305
576,2024-10-22,1269.89,1271.366,-0.22574885206727507,-1,True,50113417826.1073,0.054349028910364305,-0.0009426914221759564
577,2024-10-23,1270.9,1272.1784,-0.22262746159129781,-1,False,50066176336.98671,-0.0009426914221759564,0.06699520091683997
578,2024-10-24,1257.41,1272.7182,-0.4442493446878218,-1,False,53420369879.821075,0.06699520091683997,0.022990913191982543
579,2024-10-25,1252.72,1273.1653999999999,-0.52539917845904,-1,False,54648552966.41164,0.022990913191982543,-0.006237586511622761
580,2024-10-28,1254.77,1273.7896,-0.5028765137796456,-1,False,54307677889.548645,-0.006237586511622761,-0.030018991337239398
581,2024-10-29,1261.78,1273.9805999999999,-0.3951601086394984,-1,False,52677416177.4367,-0.030018991337239398,0.014024867339696101
582,2024-10-30,1258.63,1273.9208,-0.4439744854050188,-1,False,53416209951.123215,0.014024867339696101,-0.02690538403078646
583,2024-10-31,1264.48,1273.7594,-0.3490153421494868,-1,False,51979026308.91913,-0.02690538403078646,0.04142657394119986
584,2024-11-01,1254.89,1273.1761999999999,-0.4912913529745694,-1,False,54132339285.697136,0.04142657394119986,0.04159740096845477
585,2024-11-04,1244.71,1272.4148,-0.6400723668260114,-1,False,56384103908.324715,0.04159740096845477,-0.0078069414445471885
586,2024-11-05,1245.76,1271.6236,-0.610987831682436,-1,False,55943916510.70916,-0.0078069414445471885,-0.06792643766971074
587,2024-11-06,1261.28,1271.2488,-0.3599054564922992,-1,False,52143845552.84497,-0.06792643766971074,0.005106705290193858
588,2024-11-07,1259.75,1270.8326,-0.37749960989383563,-1,False,52410128804.78073,0.005106705290193858,0.030163416343095273
589,2024-11-08,1252.56,1270.255,-0.48195245596345165,-1,False,53990997340.51458,0.030163416343095273,0.007160202558011974
590,2024-11-11,1250.32,1269.632,-0.5074954134515891,-1,False,54377583817.781746,0.007160202558011974,0.020747544719993183
591,2024-11-12,1244.82,1268.8509999999999,-0.5820391465292135,-1,False,55505785169.80635,0.020747544719993183,-0.007818489746200585
592,2024-11-13,1246.04,1268.2558,-0.5533653206587941,-1,False,55071813757.60141,-0.007818489746200585,0.058274192063985764
593,2024-11-14,1231.89,1267.5294000000001,-0.7654113590866057,-1,False,58281079209.82393,0.058274192063985764,0.050095989761091975
594,2024-11-15,1218.57,1266.4216,-0.9583215046874948,-1,False,61200727557.18466,0.050095989761091975,0.0017102350811486478
595,2024-11-18,1217.12,1265.4094,-0.9652372169870067,-1,False,61305395188.444786,0.0017102350811486478,0.04277413366819194
596,2024-11-19,1205.15,1264.4078,-1.1384996628205792,-1,False,63927680356.81665,0.04277413366819194,-0.04534350756784622
597,2024-11-20,1216.54,1263.6732000000002,-0.9469732915400169,-1,False,61028975098.76248,-0.04534350756784622,-0.04838175138618139
598,2024-11-21,1228.33,1263.1127999999999,-0.751880068187199,-1,False,58076286398.1807,-0.04838175138618139,-0.0009970385238877721
599,2024-11-22,1228.1,1262.6406000000002,-0.7480541533426603,-1,False,58018382103.317375,-0.0009970385238877721,-0.027572429548388455
600,2024-11-25,1234.7,1262.5494,-0.6423565422451746,-1,False,56418674350.26218,-0.027572429548388455,-0.03291042688973156
601,2024-11-26,1242.13,1262.213,-0.5196745230516803,-1,False,54561911692.8423,-0.03291042688973156,-0.0013083889376716007
602,2024-11-27,1241.97,1261.7544,-0.5149576850146029,-1,False,54490523491.16517,-0.0013083889376716007,-0.003173029251363091
603,2024-11-28,1242.11,1261.1712,-0.5035336486166938,-1,False,54317623466.20561,-0.003173029251363091,-0.038651782719728134
604,2024-11-29,1250.46,1260.7395999999999,-0.3648150119575477,-1,False,52218150486.137825,-0.038651782719728134,-0.005015195759288438
605,2024-12-02,1251.21,1260.3942,-0.34751151434931976,-1,False,51956266239.26186,-0.005015195759288438,0.0038505288035013407
606,2024-12-03,1249.83,1259.8509999999999,-0.36073003434070805,-1,False,52156325338.93852,0.0038505288035013407,0.038864563966600096
607,2024-12-04,1240.41,1258.9096,-0.49466232831654283,-1,False,54183358181.3365,0.038864563966600096,-0.12177754480528569
608,2024-12-05,1267.53,1258.4304000000002,-0.058691275560445184,1,True,47585041852.707954,-0.12177754480528569,-0.01520119374789819
609,2024-12-06,1270.14,1258.0148,-0.010897353373605064,1,False,46861692412.0031,-0.01520119374789819,-0.020315144935446172
610,2024-12-09,1273.84,1257.7328,0.052004351461125316,1,False,45909690338.732956,-0.020315144935446172,0.007120784629852661
611,2024-12-10,1272.07,1257.3301999999999,0.030404202995277217,1,False,46236603356.058304,0.007120784629852661,0.014635195618542207
612,2024-12-11,1268.86,1256.9506,-0.014306240340794044,1,False,46913285090.91116,0.014635195618542207,0.006599492832798148
613,2024-12-12,1267.35,1256.7356,-0.03476272144601395,1,False,47222888979.63165,0.006599492832798148,0.023386738300809062
614,2024-12-13,1262.57,1256.575,-0.10773312207724822,1,False,48327278326.006454,0.023386738300809062,-0.006642868167661575
615,2024-12-16,1263.79,1256.4522,-0.08652156776984259,1,False,48006246587.184906,-0.006642868167661575,0.009286908089092494
616,2024-12-17,1261.72,1256.247,-0.11597890056135852,1,False,48452076186.942406,0.009286908089092494,-0.022682909017702202
617,2024-12-18,1266.0,1255.93,-0.043362341765458744,1,False,47353042151.07522,-0.022682909017702202,0.05400304745979323
618,2024-12-19,1254.67,1255.2962,-0.21232497743931053,-1,True,49910250733.72533,0.05400304745979323,-0.016515394505150938
619,2024-12-20,1257.5,1254.6784,-0.15786176851686148,1,True,49085963253.00685,-0.016515394505150938,-0.02791612887514361
620,2024-12-23,1262.76,1254.2068,-0.06732248890089756,1,False,47715673176.87535,-0.02791612887514361,0.00994872319040585
621,2024-12-24,1260.36,1253.7923999999998,-0.09868804016153222,1,False,48190383201.15595,0.00994872319040585,-0.06840734438331209
622,2024-12-25,1274.04,1253.6836,0.11912688390305196,1,False,44893807061.5507,-0.06840734438331209,0.004776861458237747
623,2024-12-26,1272.87,1253.4106000000002,0.1049574139792029,1,False,45108258558.216576,0.004776861458237747,-0.013125062275677668
624,2024-12-27,1275.14,1253.2042,0.14407589259617068,1,False,44516209855.492615,-0.013125062275677668,0.015923669500883753
625,2024-12-30,1272.02,1253.0492,0.09723923894599572,1,False,45225071268.66347,0.015923669500883753,0.027371755359584915
626,2024-12-31,1266.78,1252.987,0.015448066848231247,1,False,46462960855.54912,0.027371755359584915,-0.01519885398850418
627,2025-01-02,1269.71,1252.9632,0.06210779958074078,1,False,45756777097.63204,-0.01519885398850418,0.07870638874172098
628,2025-01-03,1254.59,1252.9068,-0.1758445160768476,1,False,49358127783.44654,0.07870638874172098,0.039295066102084775
629,2025-01-06,1246.35,1252.7794000000001,-0.3039952872075046,-1,True,51297658677.372215,0.039295066102084775,-0.0035252556323016604
630,2025-01-07,1246.95,1252.6229999999998,-0.2920468066607892,-1,False,51116821317.19592,-0.0035252556323016604,-0.02004213094266938
631,2025-01-08,1251.02,1252.4078,-0.2243555998406507,-1,False,50092331290.98365,-0.02004213094266938,0.023829205572238665
632,2025-01-09,1245.77,1252.1506,-0.3032244174948097,-1,False,51285991750.90918,0.023829205572238665,0.0681064268972369
633,2025-01-10,1230.48,1251.4705999999999,-0.53401143598689,-1,False,54778897398.94477,0.0681064268972369,-0.024243302410189238
634,2025-01-13,1235.65,1251.0858,-0.44626497942838284,-1,False,53450876023.60542,-0.024243302410189238,0.028032082672101888
635,2025-01-14,1229.07,1250.7730000000001,-0.5452648700713416,-1,False,54949215399.1954,0.028032082672101888,-0.031768241852144774
636,2025-01-15,1236.18,1250.5814,-0.4299250689610173,-1,False,53203575434.80816,-0.031768241852144774,-0.029470921820093143
637,2025-01-16,1242.36,1250.203,-0.3263252344587281,-1,False,51635617022.6195,-0.029470921820093143,-0.03223822990689884
638,2025-01-17,1249.11,1249.9902,-0.21633729110782657,-1,False,49970976129.65971,-0.03223822990689884,-0.0023931090706581504
639,2025-01-20,1249.55,1249.93,-0.20843587655274595,-1,False,49851390133.414185,-0.0023931090706581504,0.016187680021639173
640,2025-01-21,1246.09,1249.8454000000002,-0.26175541811456676,-1,False,50658368485.527794,0.016187680021639173,0.016584863987313403
641,2025-01-22,1242.53,1249.7996,-0.3172675153346105,-1,False,51498530636.67948,0.016584863987313403,-0.07812309952081298
642,2025-01-23,1259.63,1250.0714,-0.05144067723820481,1,True,47475305802.57453,-0.07812309952081298,-0.023954315180935937
643,2025-01-24,1265.05,1250.7346,0.023700163936545948,1,False,46338067364.068344,-0.023954315180935937,0.06557177439826001
644,2025-02-03,1253.03,1251.4238,-0.17706084738580652,1,False,49376536663.31641,0.06557177439826001,-0.05180254335439294
645,2025-02-04,1264.68,1252.375,-0.008057140784635172,1,False,46818706482.12518,-0.05180254335439294,-0.018591483703344736
646,2025-02-05,1269.61,1253.6642,0.04945479466546397,1,False,45948277263.55107,-0.018591483703344736,-0.004012679066844549
647,2025-02-06,1271.48,1254.763,0.0616370635676628,1,False,45763901573.21805,-0.004012679066844549,-0.014536651419184698
648,2025-02-07,1275.2,1255.7004000000002,0.10559243370154472,1,False,45098647688.4663,-0.014536651419184698,0.06702396666613541
649,2025-02-10,1263.26,1256.4035999999999,-0.09412600792741026,1,False,48121337947.82585,0.06702396666613541,-0.022431416502963986
650,2025-02-11,1268.45,1257.0786,-0.022804762993000927,1,False,47041908173.63828,-0.022431416502963986,0.010345325291260199
651,2025-02-12,1266.91,1257.5742,-0.054960139778932895,1,False,47528572016.01617,0.010345325291260199,-0.01444863400951979
652,2025-02-13,1270.35,1258.1418,-0.00958624300161621,1,False,46841849073.96165,-0.01444863400951979,-0.025777784129305537
653,2025-02-14,1276.08,1258.8211999999999,0.07019561295979163,1,False,45634370000.31555,-0.025777784129305537,0.019935267485270636
654,2025-02-17,1272.72,1259.2664,0.010086731182510784,1,False,46544103372.793655,0.019935267485270636,-0.025073581155005797
655,2025-02-18,1278.14,1259.805,0.08719581756630579,1,False,45377076019.588936,-0.025073581155005797,-0.05081832819112131
656,2025-02-19,1288.56,1260.5796,0.23955948000049465,1,False,43071088878.07201,-0.05081832819112131,-0.018698218545907475
657,2025-02-20,1292.98,1261.6309999999999,0.2927716052908768,1,False,42265736245.21961,-0.018698218545907475,-0.018019363349011996
658,2025-02-21,1296.75,1262.2154,0.3430929691586611,1,False,41504134586.60349,-0.018019363349011996,-0.04102256886441502
659,2025-02-24,1304.56,1262.9037999999998,0.4555893983779116,1,False,39801528367.3666,-0.04102256886441502,0.011931734906932112
660,2025-02-25,1303.16,1263.4902,0.4242112099088718,1,False,40276429652.736755,0.011931734906932112,0.004854368932039055
661,2025-02-26,1302.96,1264.108,0.4112928236170968,1,False,40471946301.53645,0.004854368932039055,-0.023990368881752322
662,2025-02-27,1307.8,1264.8868,0.4754456120839013,1,False,39501009380.40012,-0.023990368881752322,0.019368927161650173
663,2025-02-28,1305.36,1265.6470000000002,0.4248936191627232,1,False,40266101553.90076,0.019368927161650173,-0.018251598944567515
664,2025-03-03,1309.37,1266.5829999999999,0.47345209245805026,1,False,39531180817.27773,-0.018251598944567515,-0.00954099677289888
665,2025-03-04,1311.91,1267.5454,0.4983726674322546,1,False,39154013948.6712,-0.00954099677289888,0.04921354077620288
666,2025-03-05,1304.71,1268.4052000000001,0.3710559520563112,1,False,41080921610.68615,0.04921354077620288,-0.07254536121951816
667,2025-03-06,1318.22,1269.4496000000001,0.5679689334194115,1,False,38100691313.20821,-0.07254536121951816,-0.04017413981132856
668,2025-03-07,1326.05,1270.8772,0.6691045122827752,1,False,36570028813.483116,-0.04017413981132856,-0.01813762471905167
669,2025-03-10,1330.28,1272.3328,0.712930351030512,1,False,35906735354.899254,-0.01813762471905167,-0.005755399515544712
670,2025-03-11,1332.54,1273.7284,0.7265848547118632,1,False,35700077747.63287,-0.005755399515544712,-0.0026050560857198146
671,2025-03-12,1334.41,1275.2094,0.7327296972986838,1,False,35607077042.83573,-0.0026050560857198146,0.06166809904925641
672,2025-03-13,1326.27,1276.254,0.5876450669056389,1,False,37802897796.76783,0.06166809904925641,0.00749807425471305
673,2025-03-14,1326.15,1277.3195999999998,0.5689167240497754,1,False,38086346731.491325,0.00749807425471305,-0.055789416858852636
674,2025-03-17,1336.26,1278.542,0.7093097908225461,1,False,35961531657.05736,-0.055789416858852636,0.04300664944361965
675,2025-03-18,1330.97,1279.721,0.6071221643594872,1,False,37508116642.48805,0.04300664944361965,0.04778580333946003
676,2025-03-19,1324.63,1280.878,0.4886957250963044,1,False,39300472127.99951,0.04778580333946003,0.010855031432385864
677,2025-03-20,1323.93,1281.9624000000001,0.4605084317494649,1,False,39727079988.25655,0.010855031432385864,0.020435821362587703
678,2025-03-21,1321.88,1283.3082,0.4068666413733279,1,False,40538935498.15379,0.020435821362587703,-0.03987030327048935
679,2025-03-24,1330.32,1284.9876,0.5136605302999215,1,False,38922635845.5796,-0.03987030327048935,0.000610549359290502
680,2025-03-25,1331.92,1286.687,0.5120903571556317,1,False,38946400035.957016,0.000610549359290502,0.045004530286625544
681,2025-03-26,1326.09,1288.1884,0.3962798200322293,1,False,40699164475.930275,0.045004530286625544,0.022561752871032015
682,2025-03-27,1323.81,1289.7492000000002,0.3356085824809338,1,False,41617408966.8937,0.022561752871032015,0.04647170945070944
683,2025-03-28,1317.46,1291.4888,0.20782113109191952,1,False,43551441104.49453,0.04647170945070944,0.066007046343598
684,2025-03-31,1306.86,1292.913,0.017880729466149096,1,False,46426143095.80938,0.066007046343598,-0.04482629347812739
685,2025-04-01,1317.33,1294.6781999999998,0.15538619411843668,1,False,44345031180.33909,-0.04482629347812739,0.006108317231384941
686,2025-04-02,1317.83,1296.3111999999999,0.1374887477151829,1,False,44615904698.424255,0.006108317231384941,0.47015665172347054
687,2025-04-03,1229.84,1296.0608,-1.2484907654735846,-1,True,65592369065.04886,0.47015665172347054,0.06707017926252323
688,2025-04-04,1210.67,1295.292,-1.5391655145958605,-1,False,69991661016.49527,0.06707017926252323,0.2580446825473288
689,2025-04-08,1132.79,1292.9568000000002,-2.7325097414665453,-1,False,88052636964.45705,0.2580446825473288,0.09626356965479999
690,2025-04-09,1094.3,1289.9209999999998,-3.2925623842469625,-1,False,96528898116.17387,0.09626356965479999,-0.18705233040814528
691,2025-04-10,1168.34,1288.4372,-2.0995498840969127,-1,False,78472942771.81313,-0.18705233040814528,-0.1671473199895932
692,2025-04-11,1222.46,1287.6938,-1.2328996096042004,-1,False,65356400695.80784,-0.1671473199895932,-0.07115693579114646
693,2025-04-14,1241.44,1287.2216,-0.9256227279401578,-1,False,60705839487.9558,-0.07115693579114646,0.0517694281071619
694,2025-04-15,1227.79,1286.7168,-1.1332710178431078,-1,False,63848546081.01244,0.0517694281071619,0.06141762592702782
695,2025-04-16,1210.3,1285.6292,-1.392371701766076,-1,False,67769972200.20067,0.06141762592702782,-0.028212221721281017
696,2025-04-17,1217.25,1284.5819999999999,-1.2660438479478051,-1,False,65858030718.44356,-0.028212221721281017,-0.0105899547171604
697,2025-04-18,1219.12,1283.5348000000001,-1.2199622674998232,-1,False,65160597155.37388,-0.0105899547171604,0.03921242011598469
698,2025-04-21,1207.07,1282.1722,-1.3887858938812214,-1,False,67715701866.03883,0.03921242011598469,0.030424503987447338
699,2025-04-22,1197.13,1280.8496,-1.5249107435152827,-1,False,69775918507.47493,0.030424503987447338,-0.05146027392942132
700,2025-04-23,1211.0,1279.7006,-1.2876629522262628,-1,False,66185230627.40329,-0.05146027392942132,-0.047758032518750215
701,2025-04-24,1223.35,1278.8294,-1.078814127524863,-1,False,63024354230.83878,-0.047758032518750215,-0.02542486040301095
702,2025-04-25,1229.23,1278.007,-0.9729395955097119,-1,False,61421968822.52979,-0.02542486040301095,0.005622123546593416
703,2025-04-28,1226.8,1277.0214,-0.9957560752845225,-1,False,61767290719.72507,0.005622123546593416,-0.0016581642527034868
704,2025-04-29,1226.3,1276.093,-0.9889888501837689,-1,False,61664870406.26727,-0.0016581642527034868,-0.056262639107725554
705,2025-05-05,1240.05,1275.3312,-0.7597530490233724,-1,False,58195442056.97479,-0.056262639107725554,-0.011635139254402627
706,2025-05-06,1241.95,1274.399,-0.7150141719683868,-1,False,57518329984.67037,-0.011635139254402627,-0.03854012875250912
707,2025-05-07,1250.37,1273.5468,-0.5685457672550259,-1,False,55301566141.43187,-0.03854012875250912,-0.0863287643517412
708,2025-05-08,1269.8,1273.0078,-0.2531052489615012,-1,False,50527450269.72597,-0.0863287643517412,0.008303035235378564
709,2025-05-09,1267.3,1272.2626,-0.28082496559735953,-1,False,50946981469.66934,0.008303035235378564,-0.07676237170294475
710,2025-05-12,1283.26,1271.8645999999999,-0.022425646740856068,1,True,47036170340.951546,-0.07676237170294475,-0.05266105930023823
711,2025-05-13,1293.43,1271.674,0.1412356800071972,1,False,44559195785.37059,-0.05266105930023823,-0.08724835095498185
712,2025-05-14,1309.73,1271.7125999999998,0.3981090559488237,1,False,40671479433.21683,-0.08724835095498185,-0.019475755822976115
713,2025-05-15,1313.2,1271.8693999999998,0.45044605455717257,1,False,39879371630.8163,-0.019475755822976115,0.06984401040730082
714,2025-05-16,1301.39,1271.7098,0.2664103885585277,1,False,42664706878.03565,0.06984401040730082,0.026827841422329968
715,2025-05-19,1296.29,1271.3973999999998,0.1907830148601934,1,False,43809308868.489784,0.026827841422329968,-0.1017834144637757
716,2025-05-20,1315.15,1271.6062,0.4854068916089629,1,False,39350247826.556725,-0.1017834144637757,-0.047410336296604405
717,2025-05-21,1323.05,1271.7028,0.608673381691171,1,False,37484639343.74494,-0.047410336296604405,0.057183712674453435
718,2025-05-22,1313.84,1271.4586,0.46704502779683194,1,False,39628150189.68317,0.057183712674453435,-0.005649294863752541
719,2025-05-23,1314.46,1271.1421999999998,0.4818368802346176,1,False,39404279084.356575,-0.005649294863752541,-0.10951784626510974
720,2025-05-26,1332.51,1271.1416,0.7669733727735039,1,False,35088807305.40853,-0.10951784626510974,-0.04900244058317771
721,2025-05-27,1339.81,1271.2495999999999,0.8805818763323714,1,False,33369370110.290676,-0.04900244058317771,-0.012523625087944024
722,2025-05-28,1341.87,1271.5616,0.9081941766967874,1,False,32951464629.60855,-0.012523625087944024,0.0023522036854579653
723,2025-05-29,1341.86,1271.8758,0.9030729479907548,1,False,33028973186.151554,0.0023522036854579653,0.06649757803700851
724,2025-05-30,1332.6,1271.8026,0.7579535652745982,1,False,35225319908.079926,0.06649757803700851,-0.024388621629546248
725,2025-06-02,1336.3,1271.9092,0.8147167461267161,1,False,34366222909.06204,-0.024388621629546248,-0.07302891632312125
726,2025-06-03,1347.25,1272.3616,0.9805421948140887,1,False,31856494891.894417,-0.07302891632312125,0.014605825819786755
727,2025-06-04,1345.74,1272.7978,0.949799026067387,1,False,32321785307.51435,0.014605825819786755,0.02998792849407983
728,2025-06-05,1342.09,1273.202,0.8857568131741216,1,False,33291048694.11709,0.02998792849407983,0.08755132906183594
729,2025-06-06,1329.89,1273.1934,0.6931752349917567,1,False,36205724253.14934,0.08755132906183594,0.12475567881669325
730,2025-06-09,1310.57,1272.7664,0.39473176200264587,1,False,40722593959.401,0.12475567881669325,-0.03438676005236874
731,2025-06-10,1316.23,1272.5692,0.48725508333815964,1,False,39322275892.20904,-0.03438676005236874,0.005215356909648472
732,2025-06-11,1315.2,1272.397,0.4737048366261468,1,False,39527355595.48657,0.005215356909648472,-0.046447908954985295
733,2025-06-12,1322.99,1272.5076,0.5950125594056191,1,False,37691392581.55608,-0.046447908954985295,0.04866727305710761
734,2025-06-13,1315.49,1272.6801999999998,0.4738122528975891,1,False,39525729876.22531,0.04866727305710761,-0.13430611370933032
735,2025-06-16,1338.11,1273.0958,0.8245642907761309,1,False,34217182705.02472,-0.13430611370933032,-0.06276306154732036
736,2025-06-17,1347.69,1273.693,0.9664611853490759,1,False,32069607560.933346,-0.06276306154732036,0.023854253330113595
737,2025-06-18,1346.83,1276.0328,0.9159155110321021,1,False,32834604103.889175,0.023854253330113595,-0.01734826277091739
738,2025-06-19,1352.04,1278.8601999999998,0.9535522769636057,1,False,32264980763.915863,-0.01734826277091739,0.052025537060749194
739,2025-06-20,1349.35,1283.1914,0.8426418173991541,1,False,33943583716.413326,0.052025537060749194,-0.025020777866993416
740,2025-06-23,1358.18,1288.469,0.8987573413205285,1,False,33094288848.235252,-0.025020777866993416,-0.03338544315502334
741,2025-06-24,1366.77,1292.4376,0.971759334972774,1,False,31989421349.13657,-0.03338544315502334,0.021716807095741197
742,2025-06-25,1366.75,1295.3234,0.9258578347445542,1,False,32684129441.680153,0.021716807095741197,0.026074171604125507
743,2025-06-26,1365.67,1297.808,0.8695495933950088,1,False,33536341041.473972,0.026074171604125507,-0.020652349035391815
744,2025-06-27,1371.44,1300.681,0.915312084330775,1,False,32843736820.915516,-0.020652349035391815,-0.009569245641210311
745,2025-06-30,1376.07,1303.9964,0.9360781770419095,1,False,32529447035.50091,-0.009569245641210311,0.010596561886773381
746,2025-07-01,1377.84,1307.2082,0.9133027681944149,1,False,32874147334.155113,0.010596561886773381,-0.0250216719707248
747,2025-07-02,1384.59,1310.5176,0.9676522422412244,1,False,32051581203.242607,-0.0250216719707248,0.04570795186186771
748,2025-07-03,1381.96,1314.0153999999998,0.870854385162804,1,False,33516593333.97716,0.04570795186186771,-0.008653846153844347
749,2025-07-04,1386.97,1317.8122,0.8900187117086302,1,False,33226545891.66396,-0.008653846153844347,-0.08108287019315219
750,2025-07-07,1402.06,1321.6334,1.068026429298198,1,False,30532442184.163357,-0.08108287019315219,-0.07483987158405803
751,2025-07-08,1415.46,1325.4756,1.219006317412067,1,False,28247398131.952896,-0.07483987158405803,-0.1000252217055626
752,2025-07-09,1431.32,1329.5174,1.4056926378736077,1,False,25421945871.199013,-0.1000252217055626,-0.09350913160418994
753,2025-07-10,1445.64,1333.8942000000002,1.5627605011364725,1,False,23044761789.09447,-0.09350913160418994,-0.07771281076617309
754,2025-07-11,1457.76,1338.5234,1.6810890020345215,1,False,21253888577.027035,-0.07771281076617309,-0.09058042744657169
755,2025-07-14,1470.42,1343.1308,1.8082919825348216,1,False,19328702264.81812,-0.09058042744657169,0.1749468752241914
756,2025-07-15,1460.65,1347.5048000000002,1.5848661379385136,1,False,22710198328.186802,0.1749468752241914,-0.10862035931674108
757,2025-07-16,1475.47,1352.0067999999999,1.7478545333390167,1,False,20243408425.6247,-0.10862035931674108,-0.11970465340945069
758,2025-07-17,1490.01,1356.411,1.9079648045253272,1,False,17820178236.20934,-0.11970465340945069,-0.03582621388399887
759,2025-07-18,1497.28,1361.0106,1.9501478061804434,1,False,17181748719.26792,-0.03582621388399887,0.22633134447982006
760,2025-07-21,1485.05,1365.0464000000002,1.6932049255925903,1,False,21070517007.414257,0.22633134447982006,-0.22883369452986257
761,2025-07-22,1509.54,1369.3685999999998,2.0117857901747054,1,False,16248872754.953348,-0.22883369452986257,0.01885670902167602
762,2025-07-23,1512.31,1373.4201999999998,1.991540982310266,1,False,16555273020.423744,0.01885670902167602,-0.06575899536151486
763,2025-07-24,1521.02,1377.5766,2.0634719725502033,1,False,15466614898.665087,-0.06575899536151486,-0.08525161840811879
764,2025-07-25,1531.13,1382.1714000000002,2.150592887292677,1,False,14148060947.258766,-0.08525161840811879,-0.35600054074149523
765,2025-07-28,1557.42,1387.394,2.48338429272595,1,False,9111343599.591015,-0.35600054074149523,1.7731339837210864
766,2025-07-29,1493.41,1390.9592000000002,1.4159319359835691,1,False,25266976573.385456,1.7731339837210864,-0.09961981647487539
767,2025-07-30,1507.63,1394.6508,1.5822439171945288,1,False,22749885004.26982,-0.09961981647487539,0.09335690130247754
768,2025-07-31,1502.52,1398.4244,1.4419140364637733,1,False,24873743773.256153,0.09335690130247754,0.1050066800588223
769,2025-08-01,1495.21,1402.0394000000001,1.2693371591861564,1,False,27485653027.519585,0.1050066800588223,-0.25282605291999494
770,2025-08-04,1528.19,1405.953,1.728484852156607,1,False,20536563860.6433,-0.25282605291999494,-0.17244783444858724
771,2025-08-05,1547.15,1410.0998000000002,1.9624817215834973,1,False,16995077895.860245,-0.17244783444858724,-0.30840216975399626
772,2025-08-06,1573.71,1414.7365999999997,2.3087917807077756,1,False,11753758997.638763,-0.30840216975399626,-0.06714371725191803
773,2025-08-07,1581.81,1419.5356000000002,2.360936061887943,1,False,10964567926.854118,-0.06714371725191803,0.04158108420441864
774,2025-08-08,1584.95,1424.5826000000002,2.3308121163530773,1,False,11420486549.085707,0.04158108420441864,-0.14023261850731972
775,2025-08-11,1596.86,1429.7938000000001,2.4366297809304034,1,False,9818961815.679794,-0.14023261850731972,-0.14951400522030833
776,2025-08-12,1608.22,1435.0132,2.5336298333433067,1,False,8350889507.512238,-0.14951400522030833,0.055459807957677354
777,2025-08-13,1611.6,1440.3304,2.503028833191159,1,False,8814028235.87465,0.055459807957677354,-0.6270648547481614
778,2025-08-14,1640.69,1446.3023999999998,2.8682125630679587,1,False,3287060900.3997188,-0.6270648547481614,1.2140664775620578
779,2025-08-15,1630.0,1452.3046,2.604534050400363,1,False,7277771349.279971,1.2140664775620578,0.004796131558552519
780,2025-08-18,1636.37,1458.8206,2.60222775986649,1,False,7312676498.124182,0.004796131558552519,-0.3619357116702495
781,2025-08-19,1654.2,1465.58,2.777104609073779,1,False,4665957725.561298,-0.3619357116702495,-0.16277425371221177
782,2025-08-20,1664.36,1472.5632,2.82728696364911,1,False,3906459938.930329,-0.16277425371221177,-1.0
783,2025-08-21,1688.0,1479.8634000000002,3.0853987860144017,1,False,0.0,-1.0,inf
784,2025-08-22,1645.47,1486.463,2.3093225434607723,1,False,11745726031.877413,inf,0.7522634012896612
785,2025-08-25,1614.03,1491.9814000000001,1.7255087895772805,1,False,20581605847.23403,0.7522634012896612,-0.5482901217359035
786,2025-08-26,1667.63,1498.3801999999998,2.471123041271227,1,False,9296914671.733702,-0.5482901217359035,0.03520474814076158
787,2025-08-27,1672.78,1504.8991999999998,2.449497618388565,1,False,9624210211.238237,0.03520474814076158,-0.0373511394631284
788,2025-08-28,1680.86,1511.4756,2.4732492515853233,1,False,9264734993.415813,-0.0373511394631284,0.13695222464789136
789,2025-08-29,1682.21,1518.1328,2.389414011028091,1,False,10533561061.537277,0.13695222464789136,0.16732865177465328
790,2025-09-03,1681.3,1524.5952000000002,2.272955816973945,1,False,12296127632.350296,0.16732865177465328,-0.16331530298376107
791,2025-09-04,1696.29,1531.1856,2.4056401866198134,1,False,10287981822.546011,-0.16331530298376107,0.8208829667086539
792,2025-09-05,1666.97,1537.19,1.8476379309030648,1,False,18733210862.482285,0.8208829667086539,0.6076986495075085
793,2025-09-08,1624.53,1542.3672,1.0954523308386472,1,False,30117357804.55216,0.6076986495075085,-0.0593170960945838
794,2025-09-09,1637.32,1547.6848,1.213490175943384,1,False,28330883597.544575,-0.0593170960945838,-0.0050311641887773595
795,2025-09-10,1643.26,1553.0286,1.222908055507037,1,False,28188346270.55219,-0.0050311641887773595,-0.07541482479144346
796,2025-09-11,1657.75,1558.6268,1.3633674676239376,1,False,26062527075.397957,-0.07541482479144346,-0.03537730223990887
797,2025-09-12,1667.26,1564.2802,1.4242882900412257,1,False,25140505177.915794,-0.03537730223990887,-0.1101326780579086
798,2025-09-15,1684.9,1570.3390000000002,1.6072308375128523,1,False,22371714014.94321,-0.1101326780579086,0.10556811818465484
799,2025-09-16,1680.9,1576.2176000000002,1.4511834288286716,1,False,24733453764.066036,0.10556811818465484,0.14797079287259263
800,2025-09-17,1670.97,1581.5957999999998,1.2093672867013325,1,False,28393282528.012497,0.14797079287259263,0.0908065178878188
801,2025-09-18,1665.18,1586.5902,1.0390113988008491,1,False,30971577645.786354,0.0908065178878188,0.08572963593079885
802,2025-09-19,1658.62,1591.1362,0.8635753531216529,1,False,33626759721.562084,0.08572963593079885,0.19868925467534182
803,2025-09-22,1634.45,1594.9124,0.42212291121998363,1,False,40308035547.78606,0.19868925467534182,0.016251579190861065
804,2025-09-23,1635.26,1598.4624,0.37884047243365193,1,False,40963104779.51894,0.016251579190861065,-0.1077349581823156
805,2025-09-24,1657.46,1602.2032000000002,0.6704314191652733,1,False,36549946399.07966,-0.1077349581823156,-0.02957356040497272
806,2025-09-25,1666.09,1606.312,0.7418506024648237,1,False,35469034351.44796,-0.02957356040497272,0.061301468199348674
807,2025-09-26,1660.7,1610.0166,0.5981876580173175,1,False,37643338232.804855,0.061301468199348674,-0.014293771101507202
808,2025-09-29,1666.48,1613.546,0.6337392845620297,1,False,37105272972.60853,-0.014293771101507202,0.051986242498514246
809,2025-09-30,1661.7,1616.8344,0.5062867191957404,1,False,39034236691.33612,0.051986242498514246,0.001531196599519724
