time,VNINDEX,sign,cross,asset_allocation
2020-01-02,966.67,0,False,
2020-01-03,965.14,0,False,
2020-01-06,955.79,0,False,
2020-01-07,958.88,0,False,
2020-01-08,948.98,0,False,
2020-01-09,960.15,0,False,
2020-01-10,968.54,0,False,
2020-01-13,965.84,0,False,
2020-01-14,967.0,0,False,
2020-01-15,967.56,0,False,
2020-01-16,974.31,0,False,
2020-01-17,978.96,0,False,
2020-01-20,978.63,0,False,
2020-01-21,986.37,0,False,
2020-01-22,991.46,0,False,
2020-01-30,959.58,0,False,
2020-01-31,936.62,0,False,
2020-02-03,928.14,0,False,
2020-02-04,929.09,0,False,
2020-02-05,925.91,0,False,
2020-02-06,938.54,0,False,
2020-02-07,940.75,0,False,
2020-02-10,930.73,0,False,
2020-02-11,934.67,0,False,
2020-02-12,937.68,0,False,
2020-02-13,938.24,0,False,
2020-02-14,937.45,0,False,
2020-02-17,934.77,0,False,
2020-02-18,927.93,0,False,
2020-02-19,928.76,0,False,
2020-02-20,938.13,0,False,
2020-02-21,933.09,0,False,
2020-02-24,903.34,0,False,
2020-02-25,909.67,0,False,
2020-02-26,895.97,0,False,
2020-02-27,898.44,0,False,
2020-02-28,882.19,0,False,
2020-03-02,884.43,0,False,
2020-03-03,890.61,0,False,
2020-03-04,889.37,0,False,
2020-03-05,893.31,0,False,
2020-03-06,891.44,0,False,
2020-03-09,835.49,0,False,
2020-03-10,837.5,0,False,
2020-03-11,811.35,0,False,
2020-03-12,769.25,0,False,
2020-03-13,761.78,0,False,
2020-03-16,747.86,0,False,
2020-03-17,745.78,0,False,
2020-03-18,747.66,-1,True,0.8079557542975755
2020-03-19,725.94,-1,False,0.8445674358005917
2020-03-20,709.73,-1,False,0.8686103786301131
2020-03-23,666.59,-1,False,0.9495115092881677
2020-03-24,659.21,-1,False,0.9525144407522017
2020-03-25,690.25,-1,False,0.8740852168971533
2020-03-26,694.21,-1,False,0.8539903081502331
2020-03-27,696.06,-1,False,0.838181712654154
2020-03-30,662.26,-1,False,0.8982325454879374
2020-03-31,662.53,-1,False,0.8844601220403832
2020-04-01,680.23,-1,False,0.8336822965213991
2020-04-03,701.8,-1,False,0.7751651980470775
2020-04-06,736.75,-1,False,0.6889837071585249
2020-04-07,746.69,-1,False,0.6574106960321289
2020-04-08,748.02,-1,False,0.6442065469363434
2020-04-09,760.33,-1,False,0.6075359589456437
2020-04-10,757.94,-1,False,0.6039781803439448
2020-04-13,765.79,-1,False,0.5795783335008129
2020-04-14,767.41,-1,False,0.569108138451037
2020-04-15,777.22,-1,False,0.5412847851472493
2020-04-16,780.7,-1,False,0.5274586528432774
2020-04-17,789.6,-1,False,0.5017329768913317
2020-04-20,794.97,-1,False,0.48378902121673073
2020-04-21,766.84,-1,False,0.5376109261139392
2020-04-22,768.92,-1,False,0.5259270841635111
2020-04-23,773.91,-1,False,0.5080268752187339
2020-04-24,776.66,-1,False,0.4950726455596637
2020-04-27,770.77,-1,False,0.5006089891300207
2020-04-28,767.21,-1,False,0.5010611830501781
2020-04-29,769.11,-1,False,0.4900673266503347
2020-05-04,762.47,-1,False,0.49724482229298717
2020-05-05,764.16,-1,False,0.48604955768157965
2020-05-06,782.59,1,True,0.43961738503705916
2020-05-07,796.54,1,False,0.4047802614755037
2020-05-08,813.73,1,False,0.3633967213341972
2020-05-11,828.33,1,False,0.3288480663079145
2020-05-12,835.32,1,False,0.3109760111991625
2020-05-13,834.21,1,False,0.31130172942517653
2020-05-14,832.4,1,False,0.31296800338192543
2020-05-15,827.03,1,False,0.32184382504080156
2020-05-18,837.01,1,False,0.2979624419164707
2020-05-19,845.92,1,False,0.2766136046265849
2020-05-20,852.91,1,False,0.2598066307914608
2020-05-21,862.73,1,False,0.23971951849143924
2020-05-22,852.74,1,False,0.26201475780770833
2020-05-25,859.04,1,False,0.2504366010263588
2020-05-26,869.13,1,False,0.23291105466868556
2020-05-27,857.48,1,False,0.26228633404136614
2020-05-28,861.39,1,False,0.25873591875062807
2020-05-29,864.47,1,False,0.2572065157505552
2020-06-01,878.67,1,False,0.232128378027187
2020-06-02,874.8,1,False,0.24695722002959186
2020-06-03,881.17,1,False,0.2405875229128912
2020-06-04,883.9,1,False,0.2440876944347229
2020-06-05,886.22,1,False,0.2488959364918759
2020-06-08,899.92,1,False,0.2283076859106079
2020-06-09,903.1,1,False,0.23046860110952072
2020-06-10,900.68,1,False,0.24457237355029415
2020-06-11,867.37,1,False,0.32559521540716474
2020-06-12,863.52,1,False,0.3426386814649005
2020-06-15,832.47,1,False,0.4164770975040978
2020-06-16,856.13,1,False,0.3719217028826064
2020-06-17,854.44,1,False,0.3806792784301767
2020-06-18,855.27,1,False,0.3835847543079699
2020-06-19,868.56,1,False,0.3600238917783869
2020-06-22,871.28,1,False,0.35893888625157244
2020-06-23,868.2,1,False,0.37038493657157323
2020-06-24,859.71,1,False,0.39283956991333835
2020-06-25,854.59,1,False,0.40770392906272845
2020-06-26,851.98,1,False,0.41659447734352517
2020-06-29,829.36,-1,True,0.46768979150568457
2020-06-30,825.11,-1,False,0.47843199592505736
2020-07-01,843.49,1,True,0.44072837872020465
2020-07-02,842.38,1,False,0.44640419206287074
2020-07-03,847.61,1,False,0.4384860339647879
2020-07-06,861.16,1,False,0.41292018517427675
2020-07-07,863.42,1,False,0.41178363647073923
2020-07-08,864.5,1,False,0.4135044855557827
2020-07-09,876.46,1,False,0.3923349665445802
2020-07-10,871.21,1,False,0.40812710287498344
2020-07-13,868.72,1,False,0.4181217146639038
2020-07-14,868.11,1,False,0.4239452273617169
2020-07-15,869.91,1,False,0.4238291469301061
2020-07-16,876.83,1,False,0.412320291898972
2020-07-17,872.02,1,False,0.42526196061581534
2020-07-20,861.4,1,False,0.44969385951842256
2020-07-21,861.69,1,False,0.4502079918778352
2020-07-22,855.08,-1,True,0.46542708936114163
2020-07-23,856.75,-1,False,0.4628650902828554
2020-07-24,829.16,-1,False,0.5227084510019302
2020-07-27,785.17,-1,False,0.6157313240445894
2020-07-28,813.36,-1,False,0.5532705228470547
2020-07-29,790.84,-1,False,0.5993531547889244
2020-07-30,801.13,-1,False,0.5744001933518834
2020-07-31,798.39,-1,False,0.5779800618864633
2020-08-03,814.65,-1,False,0.5408434196255629
2020-08-04,827.57,-1,False,0.5110627250141204
2020-08-05,837.8,-1,False,0.48805541021438514
2020-08-06,840.04,-1,False,0.48227954246984517
2020-08-07,841.46,-1,False,0.4782076315087337
2020-08-10,843.2,-1,False,0.47290301566566073
2020-08-11,843.08,-1,False,0.47178899003094377
2020-08-12,846.92,-1,False,0.46198928941450446
2020-08-13,855.05,1,True,0.4431327163167509
2020-08-14,850.74,-1,True,0.45093002948789507
2020-08-17,850.15,1,True,0.45005206293984945
2020-08-18,846.43,-1,True,0.4556538100369726
2020-08-19,851.21,1,True,0.44315913760902015
2020-08-20,848.21,1,False,0.4488262882329096
2020-08-21,854.78,1,False,0.43421921183119494
2020-08-24,868.68,1,False,0.4056846493158186
2020-08-25,874.12,1,False,0.3946825633331369
2020-08-26,873.47,1,False,0.3969145128260212
2020-08-27,874.71,1,False,0.39507108627028376
2020-08-28,878.98,1,False,0.386274961624156
2020-08-31,881.65,1,False,0.38094175880911874
2020-09-01,891.73,1,False,0.3601308763552822
2020-09-03,903.97,1,False,0.33554001656311827
2020-09-04,901.54,1,False,0.34283619145301514
2020-09-07,888.25,1,False,0.373189058639676
2020-09-08,890.14,1,False,0.37172852425388003
2020-09-09,889.32,1,False,0.37628554746650134
2020-09-10,888.82,1,False,0.3793317925244203
2020-09-11,888.97,1,False,0.38102492090937734
2020-09-14,894.57,1,False,0.37093112099046044
2020-09-15,896.26,1,False,0.36879142945255106
2020-09-16,897.47,1,False,0.36764578489429767
2020-09-17,894.04,1,False,0.3763535498089007
2020-09-18,900.95,1,False,0.36244945303593656
2020-09-21,907.94,1,False,0.3489022602765832
2020-09-22,906.19,1,False,0.35431516010436837
2020-09-23,912.5,1,False,0.3425724116662566
2020-09-24,908.58,1,False,0.3527368127432058
2020-09-25,908.27,1,False,0.3547699528401588
2020-09-28,912.5,1,False,0.347362462013978
2020-09-29,903.98,1,False,0.367658345836524
2020-09-30,905.21,1,False,0.36687956741847494
2020-10-01,914.09,1,False,0.35020426690876105
2020-10-02,909.91,1,False,0.3615593586816038
2020-10-05,914.68,1,False,0.35493324508910484
2020-10-06,915.67,1,False,0.35844164619377483
2020-10-07,919.72,1,False,0.35427747727768844
2020-10-08,918.84,1,False,0.3617274154258767
2020-10-09,924.0,1,False,0.35587444948422176
2020-10-12,925.83,1,False,0.3574311400484417
2020-10-13,929.86,1,False,0.3536936100321212
2020-10-14,940.18,1,False,0.3362213393949264
2020-10-15,942.76,1,False,0.3351800805979357
2020-10-16,943.3,1,False,0.33848317526759164
2020-10-19,943.69,1,False,0.34206650888968193
2020-10-20,944.42,1,False,0.34486976468590735
2020-10-21,939.03,1,False,0.36069871757111227
2020-10-22,949.9,1,False,0.34161821319297414
2020-10-23,961.26,1,False,0.3216164286729062
2020-10-26,950.8,1,False,0.34860339647877814
2020-10-27,946.47,1,False,0.3621527549178257
2020-10-28,921.05,1,False,0.42043639312110836
2020-10-29,919.08,1,False,0.4276424757357249
2020-10-30,925.47,1,False,0.4171501907530675
2020-11-02,933.68,1,False,0.40278740302086347
2020-11-03,935.41,1,False,0.4019310932697605
2020-11-04,939.76,1,False,0.3953534909024129
2020-11-05,937.75,1,False,0.4024907049027525
2020-11-06,938.29,1,False,0.40407511616705916
2020-11-09,951.99,1,False,0.37756762984549175
2020-11-10,951.9,1,False,0.3808053209883815
2020-11-11,952.22,1,False,0.3827323427803171
2020-11-12,959.28,1,False,0.3698383190167469
2020-11-13,966.29,1,False,0.35746145956416153
2020-11-16,950.79,1,False,0.3937383269864484
2020-11-17,968.9,1,False,0.3579292463781175
2020-11-18,973.53,1,False,0.3515495871348231
2020-11-19,983.26,1,False,0.33456805951634305
2020-11-20,990.0,1,False,0.32434735076734345
2020-11-23,994.19,1,False,0.31958805307128024
2020-11-24,995.76,1,False,0.3204976385428613
2020-11-25,999.94,1,False,0.3158834413863121
2020-11-26,1005.97,1,False,0.307672483393568
2020-11-27,1010.22,1,False,0.30320122109683867
2020-11-30,1003.08,1,False,0.32278502943591814
2020-12-01,1008.87,1,False,0.3146931838263577
2020-12-02,1014.32,1,False,0.30730041962209764
2020-12-03,1019.8,1,False,0.30024983280952766
2020-12-04,1021.49,1,False,0.3014937992258997
2020-12-07,1029.98,1,False,0.28819565963138394
2020-12-08,1029.26,1,False,0.2951812760531267
2020-12-09,1039.13,1,False,0.2796065739640252
2020-12-10,1030.91,1,False,0.3024683550883076
2020-12-11,1045.96,1,False,0.2757676901380143
2020-12-14,1064.09,1,False,0.24297540134376083
2020-12-15,1055.27,1,False,0.26812327395328384
2020-12-16,1066.99,1,False,0.24912030090819937
2020-12-17,1051.77,1,False,0.2878396218896506
2020-12-18,1067.46,1,False,0.2600738756657297
2020-12-21,1081.08,1,False,0.2373017536807892
2020-12-22,1083.45,1,False,0.2388216276902072
2020-12-23,1078.9,1,False,0.25468393204270356
2020-12-24,1067.52,1,False,0.28473317093623207
2020-12-25,1084.42,1,False,0.254245598472589
2020-12-28,1091.33,1,False,0.24567557078654045
2020-12-29,1099.49,1,False,0.23472026348525377
2020-12-30,1097.54,1,False,0.24580897665570534
2020-12-31,1103.87,1,False,0.2387692182416069
2021-01-04,1120.47,1,False,0.20971489259961262
2021-01-05,1132.55,1,False,0.19142572758174992
2021-01-06,1143.21,1,False,0.17686109850204212
2021-01-07,1156.49,1,False,0.1582986247067668
2021-01-08,1167.69,1,False,0.14481120470697428
2021-01-11,1184.89,1,False,0.11879792649163268
2021-01-12,1192.28,1,False,0.11399444892980781
2021-01-13,1186.05,1,False,0.13834275259621698
2021-01-14,1187.4,1,False,0.14614526339862655
2021-01-15,1194.2,1,False,0.1425264126295508
2021-01-18,1191.94,1,False,0.15840734182741723
2021-01-19,1131.0,1,False,0.2981374288357652
2021-01-20,1134.68,1,False,0.2980845862512258
2021-01-21,1164.21,1,False,0.24331411364793976
2021-01-22,1166.78,1,False,0.24673588756484044
2021-01-25,1166.05,1,False,0.2569691572560666
2021-01-26,1136.12,1,False,0.32981525885936236
2021-01-27,1097.17,1,False,0.41972431763764184
2021-01-28,1023.94,-1,True,0.5805004799146205
2021-01-29,1056.61,-1,False,0.5129247764152289
2021-02-01,1035.51,-1,False,0.5605918196214051
2021-02-02,1075.53,-1,False,0.4774444459844833
2021-02-03,1111.29,1,True,0.40500375961994917
2021-02-04,1112.19,1,False,0.407916598808703
2021-02-05,1126.91,1,False,0.3812761397539093
2021-02-08,1083.18,-1,True,0.4791414725928903
2021-02-09,1114.93,1,True,0.41522576777676523
2021-02-17,1155.78,1,False,0.3331209523446512
2021-02-18,1174.38,1,False,0.299772083868978
2021-02-19,1173.5,1,False,0.30833518138000604
2021-02-22,1175.04,1,False,0.31165083699188845
2021-02-23,1177.64,1,False,0.3124157550598937
2021-02-24,1162.01,1,False,0.3520152082690847
2021-02-25,1165.43,1,False,0.3500790906224336
2021-02-26,1168.47,1,False,0.3494536423267368
2021-03-01,1186.17,1,False,0.31719411073726633
2021-03-02,1186.61,1,False,0.32154799319456817
2021-03-03,1186.95,1,False,0.32651519614127844
2021-03-04,1168.52,1,False,0.3708263020932596
2021-03-05,1168.69,1,False,0.3755223619422512
2021-03-08,1168.27,1,False,0.3807983908133601
2021-03-09,1161.97,1,False,0.3979458094964188
2021-03-10,1170.08,1,False,0.3841344038143686
2021-03-11,1181.73,1,False,0.3633581722356396
2021-03-12,1181.56,1,False,0.36866582003028525
2021-03-15,1184.56,1,False,0.36650620423918834
2021-03-16,1179.9,1,False,0.38043455662472725
2021-03-17,1186.09,1,False,0.3707799565478027
2021-03-18,1200.94,1,False,0.34309823869601797
2021-03-19,1194.05,1,False,0.36192579168586936
2021-03-22,1194.43,1,False,0.36430630680577847
2021-03-23,1183.45,1,False,0.3902901317772782
2021-03-24,1161.81,1,False,0.43796107320690403
2021-03-25,1163.1,1,False,0.4354536492569123
2021-03-26,1162.21,1,False,0.43714374569029746
2021-03-29,1175.68,1,False,0.4075731220091965
2021-03-30,1186.36,1,False,0.384187246398908
2021-03-31,1191.44,1,False,0.3734190538232042
2021-04-01,1216.1,1,False,0.3212564927077236
2021-04-02,1224.45,1,False,0.3044833034758293
2021-04-05,1236.05,1,False,0.2812719816488968
2021-04-06,1239.96,1,False,0.27752362323410484
2021-04-07,1242.38,1,False,0.27694755243543623
2021-04-08,1234.89,1,False,0.2962298981610778
2021-04-09,1231.66,1,False,0.30603522954472206
2021-04-12,1252.45,1,False,0.264753043213106
2021-04-13,1248.33,1,False,0.278535861923193
2021-04-14,1255.87,1,False,0.26908050437813824
2021-04-15,1247.25,1,False,0.29742102199291054
2021-04-16,1238.71,1,False,0.3238033320281506
2021-04-19,1260.58,1,False,0.2861885076907619
2021-04-20,1268.28,1,False,0.2778614692664063
2021-04-22,1227.82,1,False,0.3705322027907817
2021-04-23,1248.53,1,False,0.3315863517133124
2021-04-26,1215.77,1,False,0.4063828644492421
2021-04-27,1219.75,1,False,0.403678796783013
2021-04-28,1229.55,1,False,0.3874197399105318
2021-04-29,1239.39,1,False,0.3697309013039124
2021-05-04,1242.2,1,False,0.366582869300364
2021-05-05,1256.43,1,False,0.33935724359218666
2021-05-06,1250.57,1,False,0.35531960234655735
2021-05-07,1241.81,1,False,0.3770703897876939
2021-05-10,1259.58,1,False,0.34281236897637857
2021-05-11,1256.04,1,False,0.3544035198358936
2021-05-12,1269.09,1,False,0.33049961364274283
2021-05-13,1261.99,1,False,0.34915997616019756
2021-05-14,1266.36,1,False,0.3431502150086805
2021-05-17,1258.7,1,False,0.3628470718277991
2021-05-18,1252.68,1,False,0.3795297356484737
2021-05-19,1262.49,1,False,0.3623472329543681
2021-05-20,1278.22,1,False,0.3330434210115977
2021-05-21,1283.93,1,False,0.32595991586767525
2021-05-24,1297.98,1,False,0.3010719248214614
2021-05-25,1308.58,1,False,0.28361004944679913
2021-05-26,1316.7,1,False,0.27187812940715783
2021-05-27,1303.57,1,False,0.30546825460077
2021-05-28,1320.46,1,False,0.2749780833214942
2021-05-31,1328.05,1,False,0.26468937223009603
2021-06-01,1337.78,1,False,0.24954434099233191
2021-06-02,1340.78,1,False,0.24940270554032806
2021-06-03,1364.28,1,False,0.20586604664700758
2021-06-04,1374.05,1,False,0.19296292702872198
2021-06-07,1358.78,1,False,0.23456433454726922
2021-06-08,1319.88,1,False,0.32559997990249223
2021-06-09,1332.9,1,False,0.3047960276236775
2021-06-10,1323.58,1,False,0.33138624290956464
2021-06-11,1351.74,1,False,0.2775639048764176
2021-06-14,1361.72,1,False,0.2633258602946016
2021-06-15,1367.36,1,False,0.25766304103010107
2021-06-16,1356.52,1,False,0.28685943526003754
2021-06-17,1359.92,1,False,0.2848613791741309
2021-06-18,1377.77,1,False,0.2521730430052006
2021-06-21,1372.63,1,False,0.26894623223709446
2021-06-22,1379.97,1,False,0.2593340794821771
2021-06-23,1376.87,1,False,0.2723372535023372
2021-06-24,1379.72,1,False,0.2716775874674717
2021-06-25,1390.12,1,False,0.2552959531242962
2021-06-28,1405.81,1,False,0.22781087898874897
2021-06-29,1410.04,1,False,0.22570107383061944
2021-06-30,1408.55,1,False,0.23628431736043476
2021-07-01,1417.08,1,False,0.22458964701153494
2021-07-02,1420.27,1,False,0.22426436192146038
2021-07-05,1411.13,1,False,0.25199848922184476
2021-07-06,1354.79,1,False,0.3786153856815654
2021-07-07,1388.55,1,False,0.3129857619554186
2021-07-08,1374.68,1,False,0.3497343144151104
2021-07-09,1347.14,1,False,0.4144703786994136
2021-07-12,1296.3,-1,True,0.5270385109825951
2021-07-13,1297.54,-1,False,0.5267500424473224
2021-07-14,1279.91,-1,False,0.5659479786412009
2021-07-15,1293.92,-1,False,0.5374844504197951
2021-07-16,1299.31,-1,False,0.5283019685162151
2021-07-19,1243.51,-1,False,0.6484508460011165
2021-07-20,1273.29,-1,False,0.5847040642011422
2021-07-21,1270.79,-1,False,0.5901918965463477
2021-07-22,1293.67,-1,False,0.5420133197963914
2021-07-23,1268.83,-1,False,0.595915787978226
2021-07-26,1272.71,-1,False,0.5881197742148985
2021-07-27,1276.93,-1,False,0.5800309605569087
2021-07-28,1277.07,-1,False,0.5803592775985564
2021-07-29,1293.6,-1,False,0.5452267553267062
2021-07-30,1310.05,-1,False,0.5107326754287178
2021-08-02,1314.22,-1,False,0.5024052038684236
2021-08-03,1332.44,-1,False,0.46397998218945014
2021-08-04,1334.74,-1,False,0.4597802961263785
2021-08-05,1345.55,1,True,0.43818760330292184
2021-08-06,1341.45,1,False,0.4479760423849499
2021-08-09,1359.86,1,False,0.4094836846354556
2021-08-10,1362.43,1,False,0.40498556791051776
2021-08-11,1357.79,1,False,0.4157710859237751
2021-08-12,1353.05,1,False,0.4255499960151494
2021-08-13,1357.05,1,False,0.4161509461421451
2021-08-16,1370.96,1,False,0.38655390116877353
2021-08-17,1363.09,1,False,0.40546938075421124
2021-08-18,1360.94,1,False,0.41134010526935905
2021-08-19,1374.85,1,False,0.3834361886809454
2021-08-20,1329.43,-1,True,0.48083503411378636
2021-08-23,1298.86,-1,False,0.5443171698551259
2021-08-24,1298.74,-1,False,0.5416048726060583
2021-08-25,1309.55,-1,False,0.5161594356065464
2021-08-26,1301.12,-1,False,0.5318692761085686
2021-08-27,1313.2,-1,False,0.5029111066449987
2021-08-30,1328.14,-1,False,0.46862883022110724
2021-08-31,1331.47,-1,False,0.45931640753587244
2021-09-01,1334.65,1,True,0.45060084617437013
2021-09-06,1346.39,1,False,0.4237321244798036
2021-09-07,1341.9,1,False,0.4313674448098185
2021-09-08,1333.61,1,False,0.44619368799659065
2021-09-09,1343.98,1,False,0.42087429355528405
2021-09-10,1345.31,1,False,0.4152547878846682
2021-09-13,1341.43,1,False,0.4203809517209358
2021-09-14,1339.7,1,False,0.42063780133267226
2021-09-15,1345.83,1,False,0.4045338071262987
2021-09-16,1345.87,1,False,0.4040608226810771
2021-09-17,1352.64,1,False,0.387843779994664
2021-09-20,1350.48,1,False,0.39147345916221077
2021-09-21,1339.84,1,False,0.41420010187357337
2021-09-22,1350.68,1,False,0.39307952722345985
2021-09-23,1352.76,1,False,0.3909666901137586
2021-09-24,1351.17,1,False,0.39749664752783376
2021-09-27,1324.99,-1,True,0.45553989528505556
2021-09-28,1339.31,1,True,0.4262599058189216
2021-09-29,1339.21,1,False,0.4306215847231226
2021-09-30,1342.06,1,False,0.4274280734459953
2021-10-01,1334.89,1,False,0.4457323982217175
2021-10-04,1339.54,1,False,0.4376487821949946
2021-10-05,1354.63,1,False,0.40868498196421965
2021-10-06,1362.82,1,False,0.39485105321334923
2021-10-07,1365.99,1,False,0.3918433572539878
2021-10-08,1372.73,1,False,0.38139005450582675
2021-10-11,1394.09,1,False,0.3394837192863305
2021-10-12,1394.8,1,False,0.34161691378515746
2021-10-13,1391.91,1,False,0.3512407612104247
2021-10-14,1391.85,1,False,0.3539439626047759
2021-10-15,1392.7,1,False,0.35461359076623444
2021-10-18,1395.53,1,False,0.35064953065389615
2021-10-19,1395.33,1,False,0.3534164030312583
2021-10-20,1393.8,1,False,0.3581999563398973
2021-10-21,1384.77,1,False,0.3787236696662778
2021-10-22,1389.24,1,False,0.3704052939606991
2021-10-25,1385.4,1,False,0.3801226987487566
2021-10-26,1391.63,1,False,0.3681282983301748
2021-10-27,1423.02,1,False,0.30240251842560273
2021-10-28,1438.01,1,False,0.2731840342627855
2021-10-29,1444.27,1,False,0.26323620115526003
2021-11-01,1438.97,1,False,0.2774915711746293
2021-11-02,1452.46,1,False,0.25360542355497184
2021-11-03,1444.3,1,False,0.2775768989545837
2021-11-04,1448.34,1,False,0.2753072666350189
2021-11-05,1456.51,1,False,0.2639790292903842
2021-11-08,1467.57,1,False,0.24723615957420997
2021-11-09,1461.5,1,False,0.26680524129136884
2021-11-10,1465.02,1,False,0.26511081349859533
2021-11-11,1462.35,1,False,0.27656206144986206
2021-11-12,1473.37,1,False,0.2587047329630313
2021-11-15,1476.57,1,False,0.25741312159338636
2021-11-16,1466.45,1,False,0.28472450821745476
2021-11-17,1475.85,1,False,0.27052804468576874
2021-11-18,1469.83,1,False,0.28901645223550154
2021-11-19,1452.35,1,False,0.33150882038025886
2021-11-22,1447.25,1,False,0.3471372313257769
2021-11-23,1463.63,1,False,0.3170312516242596
2021-11-24,1488.87,1,False,0.2685650726109088
2021-11-25,1500.81,1,False,0.249417865298188
2021-11-26,1493.03,1,False,0.2723476487648694
2021-11-29,1484.84,1,False,0.2959041799350649
2021-11-30,1478.44,1,False,0.3157677940906396
2021-12-01,1485.19,1,False,0.3069755676679613
2021-12-02,1482.05,1,False,0.31937581646124447
2021-12-03,1443.32,1,False,0.40724393869567177
2021-12-06,1413.58,-1,True,0.47548840408464577
2021-12-07,1446.77,1,True,0.40826397383165913
2021-12-08,1452.87,1,False,0.3999763507777392
2021-12-09,1467.98,1,False,0.3727069783397383
2021-12-10,1463.54,1,False,0.3878948900354481
2021-12-13,1476.21,1,False,0.3663753971856556
2021-12-14,1476.02,1,False,0.37204471348923984
2021-12-15,1475.5,1,False,0.37805144268918534
2021-12-16,1476.61,1,False,0.3804388879841162
2021-12-17,1479.79,1,False,0.3781891799177389
2021-12-20,1477.33,1,False,0.38712217552054295
2021-12-21,1478.74,1,False,0.3877043102223545
2021-12-22,1477.67,1,False,0.3937361613067537
2021-12-23,1456.96,1,False,0.4414075358723186
2021-12-24,1477.03,1,False,0.4015949797812147
2021-12-27,1488.88,1,False,0.37997499939360957
2021-12-28,1494.39,1,False,0.37233274888857293
2021-12-29,1485.82,1,False,0.3948783407774962
2021-12-30,1485.97,1,False,0.3989368245245033
2021-12-31,1498.28,1,False,0.37700022176560033
2022-01-04,1525.58,1,False,0.32394886570360293
2022-01-05,1522.5,1,False,0.3362876091935697
2022-01-06,1528.57,1,False,0.3277136832840718
2022-01-07,1528.48,1,False,0.3318271752953116
2022-01-10,1503.71,1,False,0.38804562134216736
2022-01-11,1492.31,1,False,0.4150447169543273
2022-01-12,1510.51,1,False,0.3781437006441595
2022-01-13,1496.05,1,False,0.4117009075064191
2022-01-14,1496.02,1,False,0.41383107005367425
2022-01-17,1452.84,-1,True,0.5071861583614297
2022-01-18,1438.94,-1,False,0.5360490379184528
2022-01-19,1442.79,-1,False,0.5269007737540411
2022-01-20,1465.3,-1,False,0.478163451642971
2022-01-21,1472.89,-1,False,0.4621824680432305
2022-01-24,1439.71,-1,False,0.5325817847279737
2022-01-25,1479.58,1,True,0.44636650923619103
2022-01-26,1481.58,1,False,0.4426904845231868
2022-01-27,1470.76,-1,True,0.46590267262199736
2022-01-28,1478.96,1,True,0.4485395522413913
2022-02-07,1497.66,1,False,0.4100038808980121
2022-02-08,1500.99,1,False,0.4051198400515609
2022-02-09,1505.38,1,False,0.3974208487385342
2022-02-10,1506.79,1,False,0.3951434199720716
2022-02-11,1501.71,1,False,0.40618405505331057
2022-02-14,1471.96,-1,True,0.4697004085338179
2022-02-15,1492.75,1,True,0.4250185382181828
2022-02-16,1492.1,1,False,0.4270178937119061
2022-02-17,1507.99,1,False,0.39359279331099506
2022-02-18,1504.84,1,False,0.40140180115248814
2022-02-21,1510.84,1,False,0.3913322568461468
2022-02-22,1503.47,1,False,0.4111867751470063
2022-02-23,1512.3,1,False,0.3949021632541333
2022-02-24,1494.85,1,False,0.4345115785899172
2022-02-25,1498.89,1,False,0.4271010558121643
2022-02-28,1490.13,1,False,0.4472241183951102
2022-03-01,1498.78,1,False,0.4294685768539088
2022-03-02,1485.52,-1,True,0.45859696874144606
2022-03-03,1505.0,1,True,0.41768727931723926
2022-03-04,1505.33,1,False,0.4182165714345114
2022-03-07,1499.05,1,False,0.4326512597325647
2022-03-08,1473.71,-1,True,0.48737278797476025
2022-03-09,1473.74,-1,False,0.4870912496145092
2022-03-10,1479.08,-1,False,0.4755875922146412
2022-03-11,1466.54,-1,False,0.5031601598098365
2022-03-14,1446.25,-1,False,0.5457686083862056
2022-03-15,1452.74,-1,False,0.5301479938875854
2022-03-16,1459.33,-1,False,0.5143575901009385
2022-03-17,1461.34,-1,False,0.5089442571372137
2022-03-18,1469.1,-1,False,0.49140788238107
2022-03-21,1494.95,1,True,0.43528082801731094
2022-03-22,1503.78,1,False,0.41521363997047755
2022-03-23,1502.34,1,False,0.4174590166774671
2022-03-24,1498.26,1,False,0.42498215479931967
2022-03-25,1498.5,1,False,0.42316385012803526
2022-03-28,1483.18,-1,True,0.45545283496134625
2022-03-29,1497.76,1,True,0.42411328410599025
2022-03-30,1490.51,1,False,0.43894819001153884
2022-03-31,1492.15,1,False,0.43522755229683374
2022-04-01,1516.44,1,False,0.3835076561108546
2022-04-04,1524.7,1,False,0.3687316566929899
2022-04-05,1520.03,1,False,0.38235768019321337
2022-04-06,1522.9,1,False,0.37961203147685485
2022-04-07,1502.35,1,False,0.4257215178469336
2022-04-08,1482.0,-1,True,0.4701876864650223
2022-04-12,1455.25,-1,False,0.52879271153493
2022-04-13,1477.2,-1,False,0.48115295589290086
2022-04-14,1472.12,-1,False,0.49174486214149393
2022-04-15,1458.56,-1,False,0.5205830529500024
2022-04-18,1432.6,-1,False,0.5747960795999909
2022-04-19,1406.45,-1,False,0.6274779707061506
2022-04-20,1384.72,-1,False,0.669502118901013
2022-04-21,1370.21,-1,False,0.6950714327790357
2022-04-22,1379.23,-1,False,0.6700119199010373
2022-04-25,1310.92,-1,False,0.8096856992373348
2022-04-26,1341.34,-1,False,0.7381481013052988
2022-04-27,1353.77,-1,False,0.7052089794277759
2022-04-28,1350.99,-1,False,0.7051175877446788
2022-04-29,1366.8,-1,False,0.6647627454581371
2022-05-04,1348.68,-1,False,0.6972410106967261
2022-05-05,1360.68,-1,False,0.664748885108093
2022-05-06,1329.26,-1,False,0.7252488799104628
2022-05-09,1269.62,-1,False,0.8438986739110108
2022-05-10,1293.56,-1,False,0.7833337087178144
2022-05-11,1301.53,-1,False,0.7575248706656093
2022-05-12,1238.84,-1,False,0.8824070576902431
2022-05-13,1182.77,-1,False,0.9901491893427776
2022-05-16,1171.95,-1,False,1.0
2022-05-17,1228.37,-1,False,0.8658305121745856
2022-05-18,1240.76,-1,False,0.8275382632288386
2022-05-19,1241.64,-1,False,0.8144831128960165
2022-05-20,1240.71,-1,False,0.8064051276364992
2022-05-23,1218.81,-1,False,0.8427915784513147
2022-05-24,1233.38,-1,False,0.8005954752887294
2022-05-25,1268.43,-1,False,0.7161075459210724
2022-05-26,1268.57,-1,False,0.7081083914024259
2022-05-27,1285.45,-1,False,0.6643057870426523
2022-05-30,1293.92,-1,False,0.6387979784679467
2022-05-31,1292.68,-1,False,0.6341781505441921
2022-06-01,1299.52,-1,False,0.6120197821845995
2022-06-02,1288.62,-1,False,0.6266887970255695
2022-06-03,1287.98,-1,False,0.6187277584695408
2022-06-06,1290.01,-1,False,0.6051346533006694
2022-06-07,1291.35,-1,False,0.5932706267996806
2022-06-08,1307.91,-1,False,0.5491518332045475
2022-06-09,1307.8,-1,False,0.5417937198753959
2022-06-10,1284.08,-1,False,0.5839083934814774
2022-06-13,1227.04,-1,False,0.6960269306601347
2022-06-14,1230.31,-1,False,0.6776039266371678
2022-06-15,1213.93,-1,False,0.6999749647427351
2022-06-16,1236.63,-1,False,0.638336688693073
2022-06-17,1217.3,-1,False,0.6670869529059964
2022-06-20,1180.4,-1,False,0.7321656277179283
2022-06-21,1172.47,-1,False,0.7350511793425349
2022-06-22,1169.27,-1,False,0.7284358941485071
2022-06-23,1188.88,-1,False,0.6744294733413494
2022-06-24,1185.48,-1,False,0.6691573426936903
2022-06-27,1202.82,-1,False,0.6199401059623767
2022-06-28,1218.1,-1,False,0.5764333334488366
2022-06-29,1218.09,-1,False,0.5671637912215479
2022-06-30,1197.6,-1,False,0.6024925240736962
2022-07-01,1198.9,-1,False,0.5916286084555069
2022-07-04,1195.53,-1,False,0.5913609304452989
2022-07-05,1181.29,-1,False,0.613626716517726
2022-07-06,1149.61,-1,False,0.675248533401712
2022-07-07,1166.48,-1,False,0.6311397019331729
2022-07-08,1171.31,-1,False,0.6127764706697674
2022-07-11,1155.29,-1,False,0.6389941890482449
2022-07-12,1174.82,-1,False,0.588383120865718
2022-07-13,1173.92,-1,False,0.5827627489232241
2022-07-14,1182.17,-1,False,0.5571639818013602
2022-07-15,1179.25,-1,False,0.5569902942898823
2022-07-18,1176.49,-1,False,0.5589337752474945
2022-07-19,1178.33,-1,False,0.5499578991867444
2022-07-20,1194.14,-1,False,0.5110670563735084
2022-07-21,1198.47,-1,False,0.49994109351231664
2022-07-22,1194.76,-1,False,0.5084950951686287
2022-07-25,1188.5,-1,False,0.5227690900333692
2022-07-26,1185.07,-1,False,0.528321892769402
2022-07-27,1191.04,-1,False,0.5132392331068325
2022-07-28,1208.12,-1,False,0.474797552262183
2022-07-29,1206.33,-1,False,0.4771849975571134
2022-08-01,1231.35,1,True,0.42354284407452725
2022-08-02,1241.62,1,False,0.40165821762828646
2022-08-03,1249.76,1,False,0.3832209201193377
2022-08-04,1254.15,1,False,0.3730890042378021
2022-08-05,1252.74,1,False,0.37472582495070894
2022-08-08,1256.75,1,False,0.3644314830921057
2022-08-09,1258.85,1,False,0.3584182568530767
2022-08-10,1256.5,1,False,0.3616442533256179
2022-08-11,1252.07,1,False,0.3696551025146142
2022-08-12,1262.33,1,False,0.3463242351685596
2022-08-15,1274.2,1,False,0.3199328292786031
2022-08-16,1274.69,1,False,0.3181500417543046
2022-08-17,1275.28,1,False,0.3154589681662411
2022-08-18,1273.66,1,False,0.31748864317568315
2022-08-19,1269.18,1,False,0.3265455156569982
2022-08-22,1260.43,1,False,0.34694145388141784
2022-08-23,1270.81,1,False,0.3262158992075348
2022-08-24,1277.16,1,False,0.31520255169044276
2022-08-25,1288.88,1,False,0.29208392095442315
2022-08-26,1282.57,1,False,0.30857643809794444
2022-08-29,1270.8,1,False,0.3379820369863443
2022-08-30,1279.39,1,False,0.324009937870981
2022-08-31,1280.51,1,False,0.3264025807971782
2022-09-05,1277.35,1,False,0.3370780822819681
2022-09-06,1277.4,1,False,0.34095118384714795
2022-09-07,1243.17,1,False,0.41683010329425885
2022-09-08,1234.6,1,False,0.43610465257300113
2022-09-09,1248.78,1,False,0.40672460870499316
2022-09-12,1249.62,1,False,0.4071586109157189
2022-09-13,1248.4,1,False,0.4119447630399904
2022-09-14,1240.77,1,False,0.43042840609439603
2022-09-15,1245.66,1,False,0.42262632842792414
2022-09-16,1234.03,-1,True,0.45146971686769954
2022-09-19,1205.43,-1,False,0.5150952206047963
2022-09-20,1218.93,-1,False,0.48792113807334225
2022-09-21,1210.55,-1,False,0.5084630431091541
2022-09-22,1214.7,-1,False,0.5012028185021812
2022-09-23,1203.28,-1,False,0.5272065677268685
2022-09-26,1174.35,-1,False,0.589520968977072
2022-09-27,1166.54,-1,False,0.605884411610816
2022-09-28,1143.62,-1,False,0.6540980723718182
2022-09-29,1126.07,-1,False,0.6898421825893221
2022-09-30,1132.11,-1,False,0.6740747350074332
2022-10-03,1086.44,-1,False,0.7681289047204894
2022-10-04,1078.14,-1,False,0.78105281486384
2022-10-05,1104.26,-1,False,0.720836524101417
2022-10-06,1074.52,-1,False,0.7804555204041687
2022-10-07,1035.91,-1,False,0.8573531755794501
2022-10-10,1042.48,-1,False,0.8359501962972081
2022-10-11,1006.2,-1,False,0.9058527060600927
2022-10-12,1034.81,-1,False,0.8353797562657456
2022-10-13,1050.99,-1,False,0.7920821884106688
2022-10-14,1061.85,-1,False,0.7604238495043198
2022-10-17,1051.58,-1,False,0.7738913452509247
2022-10-18,1063.66,-1,False,0.7395402002127569
2022-10-19,1060.07,-1,False,0.738796072669816
2022-10-20,1058.45,-1,False,0.7336244295599689
2022-10-21,1019.82,-1,False,0.8070331747478287
2022-10-24,986.15,-1,False,0.8684336591670632
2022-10-25,997.7,-1,False,0.831957982348845
2022-10-26,993.36,-1,False,0.8291928425152385
2022-10-27,1028.01,-1,False,0.743467443770293
2022-10-28,1027.36,-1,False,0.7341368293756266
2022-10-31,1027.94,-1,False,0.7222377188635906
2022-11-01,1033.75,-1,False,0.6994578004317503
2022-11-02,1023.19,-1,False,0.7120516609896987
2022-11-03,1019.81,-1,False,0.7084999462911443
2022-11-04,997.15,-1,False,0.7454460087389512
2022-11-07,975.19,-1,False,0.7794172935587493
2022-11-08,981.65,-1,False,0.7523930760621367
2022-11-09,985.59,-1,False,0.7315068279549404
2022-11-10,947.24,-1,False,0.8001740340202297
2022-11-11,954.53,-1,False,0.7702668637146439
2022-11-14,941.04,-1,False,0.7849150880305494
2022-11-15,911.9,-1,False,0.8321918757558231
2022-11-16,942.9,-1,False,0.7520500323985685
2022-11-17,969.26,-1,False,0.6834698866569879
2022-11-18,969.33,-1,False,0.67121430526728
2022-11-21,960.65,-1,False,0.6774960757883943
2022-11-22,952.12,-1,False,0.6831363719840752
2022-11-23,946.0,-1,False,0.6836227836434015
2022-11-24,947.71,-1,False,0.6670141860682693
2022-11-25,971.46,-1,False,0.604206442983718
2022-11-28,1005.69,-1,False,0.5214237698073069
2022-11-29,1032.16,-1,False,0.4560085483708892
2022-11-30,1048.42,1,True,0.4137721635659909
2022-12-01,1036.28,1,False,0.4323355036331443
2022-12-02,1080.01,1,False,0.33229106388581864
2022-12-05,1093.67,1,False,0.2992133385078638
2022-12-06,1048.69,1,False,0.39152110411548446
2022-12-07,1041.02,1,False,0.40368789263772875
2022-12-08,1050.53,1,False,0.3798203698634409
2022-12-09,1051.81,1,False,0.3735702182658627
2022-12-12,1032.07,1,False,0.41396577533065615
2022-12-13,1047.45,1,False,0.37932832743690936
2022-12-14,1050.43,1,False,0.37054303118925236
2022-12-15,1055.32,1,False,0.3591212364818275
2022-12-16,1052.48,1,False,0.3659894730641423
2022-12-19,1038.4,1,False,0.3963055236960008
2022-12-20,1023.13,1,False,0.4301087517715261
2022-12-21,1018.88,1,False,0.4386229049214637
2022-12-22,1022.61,1,False,0.4293156798674953
2022-12-23,1020.34,1,False,0.4324338254912631
2022-12-26,985.21,-1,True,0.505639429923803
2022-12-27,1004.57,-1,False,0.4611524707806496
2022-12-28,1015.66,1,True,0.4352115262670959
2022-12-29,1009.29,1,False,0.4468776096440318
2022-12-30,1007.09,-1,True,0.4510907229212078
2023-01-03,1043.9,1,True,0.3738734134230556
2023-01-04,1046.35,1,False,0.3706747045146629
2023-01-05,1055.82,1,False,0.352871084884249
2023-01-06,1051.44,1,False,0.36337159944974395
2023-01-09,1054.21,1,False,0.3585356366925043
2023-01-10,1053.35,1,False,0.361498719650165
2023-01-11,1055.76,1,False,0.35723276378844926
2023-01-12,1056.39,1,False,0.35730639689805344
2023-01-13,1060.17,1,False,0.35086826430301465
2023-01-16,1066.68,1,False,0.3397812836763193
2023-01-17,1088.29,1,False,0.29787971295215054
2023-01-18,1098.28,1,False,0.281296237261472
2023-01-19,1108.08,1,False,0.2653780583728643
2023-01-27,1117.1,1,False,0.2532008745880878
2023-01-30,1102.57,1,False,0.29108034498411284
2023-01-31,1111.18,1,False,0.2798032176802622
2023-02-01,1075.97,1,False,0.3631632610631581
2023-02-02,1077.59,1,False,0.365488767918834
2023-02-03,1077.15,1,False,0.37111477062853204
2023-02-06,1089.29,1,False,0.35001931786287277
2023-02-07,1065.84,1,False,0.4053606636335605
2023-02-08,1072.22,1,False,0.39674558980987107
2023-02-09,1064.03,1,False,0.4195948099919269
2023-02-10,1055.3,1,False,0.44316130328871484
2023-02-13,1043.7,-1,True,0.47141216176414535
2023-02-14,1038.64,-1,False,0.4837976839355079
2023-02-15,1048.2,-1,False,0.46378853610447945
2023-02-16,1058.29,1,True,0.4423643331612338
2023-02-17,1059.31,1,False,0.44115285194027587
2023-02-20,1086.69,1,False,0.38214587671911604
2023-02-21,1082.23,1,False,0.3913093006413876
2023-02-22,1054.28,-1,True,0.45208217108523074
2023-02-23,1053.66,-1,False,0.4539723763223642
2023-02-24,1039.56,-1,False,0.4840333098862418
2023-02-27,1021.25,-1,False,0.5223632416586681
2023-02-28,1024.68,-1,False,0.5146148728486136
2023-03-01,1040.55,-1,False,0.4799466723032092
2023-03-02,1037.61,-1,False,0.48575849033067375
2023-03-03,1024.77,-1,False,0.512242587311543
2023-03-06,1027.18,-1,False,0.5059274653231369
2023-03-07,1037.84,-1,False,0.4828170641699562
2023-03-08,1049.18,-1,False,0.45938657555796547
2023-03-09,1055.95,1,True,0.44633055895326634
2023-03-10,1053.0,-1,True,0.45403561416943594
2023-03-13,1052.8,-1,False,0.45587470936578534
2023-03-14,1040.13,-1,False,0.48569265366796854
2023-03-15,1062.19,1,True,0.44041348889266163
2023-03-16,1047.4,-1,True,0.4738186650403857
2023-03-17,1045.14,-1,False,0.48026589349013993
2023-03-20,1023.1,-1,False,0.5286909245893003
2023-03-21,1032.43,-1,False,0.5079883261201761
2023-03-22,1040.54,-1,False,0.49017301181941375
2023-03-23,1045.1,-1,False,0.47983319068723096
2023-03-24,1046.79,-1,False,0.4759717837924
2023-03-27,1052.25,-1,False,0.46406227801783173
2023-03-28,1054.29,-1,False,0.4596850062198322
2023-03-29,1056.33,-1,False,0.45529170839209576
2023-03-30,1059.44,1,True,0.448688551004356
2023-03-31,1064.64,1,False,0.4376206283589692
2023-04-03,1079.28,1,False,0.40646082891823443
2023-04-04,1078.45,1,False,0.4078321373006276
2023-04-05,1080.86,1,False,0.40185832643203423
2023-04-06,1070.91,1,False,0.42179687310503045
2023-04-07,1069.71,1,False,0.42234305752391765
2023-04-10,1065.35,1,False,0.4301732890264145
2023-04-11,1069.46,1,False,0.4194653023462108
2023-04-12,1069.45,1,False,0.4192045545110247
2023-04-13,1064.3,1,False,0.42978216727363483
2023-04-14,1052.89,-1,True,0.4534417847972749
2023-04-17,1053.81,1,True,0.44991259316754084
2023-04-18,1055.02,1,False,0.4468234676516758
2023-04-19,1048.98,-1,True,0.4588975650830065
2023-04-20,1049.25,-1,False,0.4576726566479441
2023-04-21,1042.91,-1,False,0.4708664104811964
2023-04-24,1041.36,-1,False,0.4741218601975796
2023-04-25,1034.85,-1,False,0.48805627648626293
2023-04-26,1040.8,-1,False,0.4748499617107833
2023-04-27,1039.63,-1,False,0.4765755752911539
2023-04-28,1049.12,-1,False,0.4555819094711241
2023-05-04,1040.61,-1,False,0.47201595326290025
2023-05-05,1040.31,-1,False,0.47084995131552076
2023-05-08,1053.44,1,True,0.4423781935112775
2023-05-09,1053.77,1,False,0.44166828370750477
2023-05-10,1058.26,1,False,0.4327543460860107
2023-05-11,1057.12,1,False,0.4367768795500936
2023-05-12,1066.9,1,False,0.4174252320742359
2023-05-15,1065.71,1,False,0.4210921609325241
2023-05-16,1065.91,1,False,0.42188479970061665
2023-05-17,1060.44,1,False,0.43527606352198434
2023-05-18,1068.31,1,False,0.4200136524447927
2023-05-19,1067.07,1,False,0.42396515161490456
2023-05-22,1070.64,1,False,0.4171631848312326
2023-05-23,1065.85,1,False,0.4279655951461059
2023-05-24,1061.79,1,False,0.4371389811949703
2023-05-25,1064.63,1,False,0.43150085067898425
2023-05-26,1063.76,1,False,0.4344084922364716
2023-05-29,1074.98,1,False,0.4106635469328781
2023-05-30,1078.05,1,False,0.40534247192412853
2023-05-31,1075.17,1,False,0.4128803366679029
2023-06-01,1078.39,1,False,0.40830165665833884
2023-06-02,1090.84,1,False,0.38386889148385483
2023-06-05,1097.82,1,False,0.37123344987577656
2023-06-06,1108.31,1,False,0.35125332215265115
2023-06-07,1109.54,1,False,0.35130746414500724
2023-06-08,1101.32,1,False,0.37123474928359335
2023-06-09,1107.53,1,False,0.36009189412078624
2023-06-12,1116.02,1,False,0.34429066193566693
2023-06-13,1122.46,1,False,0.33307330739137797
2023-06-14,1117.42,1,False,0.3462744245355913
2023-06-15,1116.97,1,False,0.34888146975151824
2023-06-16,1115.22,1,False,0.3542640500635845
2023-06-19,1105.4,1,False,0.3765939402549613
2023-06-20,1111.72,1,False,0.364674472353799
2023-06-21,1118.46,1,False,0.3521893289165018
2023-06-22,1125.3,1,False,0.33997272976129045
2023-06-23,1129.38,1,False,0.3337321071543662
2023-06-26,1132.03,1,False,0.33070362066993997
2023-06-27,1134.33,1,False,0.32875580835294027
2023-06-28,1138.35,1,False,0.32375135571548896
2023-06-29,1125.39,1,False,0.3549189516031225
2023-06-30,1120.18,1,False,0.36902445658765115
2023-07-03,1125.5,1,False,0.36081739681835656
2023-07-04,1132.0,1,False,0.35032467869976036
2023-07-05,1134.62,1,False,0.3486228875960268
2023-07-06,1126.22,1,False,0.37049018860471317
2023-07-07,1138.07,1,False,0.34929771338875215
2023-07-10,1149.02,1,False,0.3302709178670309
2023-07-11,1151.77,1,False,0.32917248512611197
2023-07-12,1154.2,1,False,0.3284612759145231
2023-07-13,1165.42,1,False,0.3095683193979063
2023-07-14,1168.4,1,False,0.30866263214977474
2023-07-17,1173.13,1,False,0.3036031712480892
2023-07-18,1174.09,1,False,0.3067356103578399
2023-07-19,1172.98,1,False,0.3141084503089122
2023-07-20,1172.81,1,False,0.3194875655334677
2023-07-21,1185.9,1,False,0.29629313600814955
2023-07-24,1190.72,1,False,0.2912691922534505
2023-07-25,1195.9,1,False,0.2856813055063704
2023-07-26,1200.84,1,False,0.2810640763982496
2023-07-27,1197.33,1,False,0.2942539320080527
2023-07-28,1207.67,1,False,0.27795069526980876
2023-07-31,1222.9,1,False,0.251562321331425
2023-08-01,1217.56,1,False,0.2696981562269357
2023-08-02,1220.43,1,False,0.2703539240383517
2023-08-03,1210.95,1,False,0.2972222125969789
2023-08-04,1225.98,1,False,0.27169837799253616
2023-08-07,1241.42,1,False,0.24546939807964818
2023-08-08,1242.23,1,False,0.2508264233713221
2023-08-09,1233.99,1,False,0.27555068903265156
2023-08-10,1220.61,1,False,0.3106875426638902
2023-08-11,1232.21,1,False,0.29168890097819433
2023-08-14,1236.84,1,False,0.28768325981572673
2023-08-15,1234.05,1,False,0.2991717574577345
2023-08-16,1243.26,1,False,0.2850177412480557
2023-08-17,1233.48,1,False,0.3119224132255459
2023-08-18,1177.99,1,False,0.43514785528408495
2023-08-21,1179.76,1,False,0.4340754106994973
2023-08-22,1180.49,1,False,0.4350079523758371
2023-08-23,1172.56,-1,True,0.4545701039179748
2023-08-24,1189.39,1,True,0.42125848513304187
2023-08-25,1183.37,1,False,0.4372476983156215
2023-08-28,1201.72,1,False,0.40167944128928956
2023-08-29,1204.43,1,False,0.39982605260695825
2023-08-30,1213.16,1,False,0.3850214662171295
2023-08-31,1224.05,1,False,0.36571443174297336
2023-09-05,1234.98,1,False,0.3466174681991595
2023-09-06,1245.5,1,False,0.3287493113138572
2023-09-07,1243.14,1,False,0.3385732675428713
2023-09-08,1241.48,1,False,0.34663522677265235
2023-09-11,1223.63,1,False,0.3895477367780923
2023-09-12,1245.44,1,False,0.3477397234167151
2023-09-13,1238.39,1,False,0.36789743687476806
2023-09-14,1223.81,1,False,0.40344966787136227
2023-09-15,1227.36,1,False,0.39977840765368555
2023-09-18,1211.81,1,False,0.43716193739972886
2023-09-19,1211.5,1,False,0.4410138153039056
2023-09-20,1226.11,1,False,0.4127122799236297
2023-09-21,1212.74,1,False,0.4443082472547848
2023-09-22,1193.05,-1,True,0.48863321355680855
2023-09-25,1153.2,-1,False,0.574406257255027
2023-09-26,1137.96,-1,False,0.6060927499974018
2023-09-27,1153.85,-1,False,0.5708450135658183
2023-09-28,1152.43,-1,False,0.5729821062880943
2023-09-29,1154.15,-1,False,0.5684415422411496
2023-10-02,1155.25,-1,False,0.5652987078688676
2023-10-03,1118.1,-1,False,0.6428170468445187
2023-10-04,1128.67,-1,False,0.6172382039758417
2023-10-05,1113.89,-1,False,0.6456948020222253
2023-10-06,1128.54,-1,False,0.6108360216637273
2023-10-09,1137.36,-1,False,0.5891372105352529
2023-10-10,1143.69,-1,False,0.5726572543339585
2023-10-11,1150.81,-1,False,0.5541151379278088
2023-10-12,1151.61,-1,False,0.5495260626557129
2023-10-13,1154.73,-1,False,0.5399234388914493
2023-10-16,1141.42,-1,False,0.5657370414389817
2023-10-17,1121.65,-1,False,0.6040336217441171
2023-10-18,1103.4,-1,False,0.6375791339360277
2023-10-19,1087.85,-1,False,0.6645687005575331
2023-10-20,1108.03,-1,False,0.6154095040420251
2023-10-23,1093.53,-1,False,0.6413075680976328
2023-10-24,1105.9,-1,False,0.6090471702362844
2023-10-25,1101.66,-1,False,0.6123745205185163
2023-10-26,1055.45,-1,False,0.7047147713215502
2023-10-27,1060.62,-1,False,0.6856074125152036
2023-10-30,1042.4,-1,False,0.7167897350247583
2023-10-31,1028.19,-1,False,0.7410756671159737
2023-11-01,1039.66,-1,False,0.7101670865197703
2023-11-02,1075.47,-1,False,0.6280653030392289
2023-11-03,1076.78,-1,False,0.6210796866174857
2023-11-06,1089.66,-1,False,0.5888660674375336
2023-11-07,1080.29,-1,False,0.6046937209149219
2023-11-08,1113.43,-1,False,0.5290989386436955
2023-11-09,1113.89,-1,False,0.5241811131940137
2023-11-10,1101.68,-1,False,0.5457954628144138
2023-11-13,1100.07,-1,False,0.5439121877523025
2023-11-14,1109.73,-1,False,0.5175666942718639
2023-11-15,1122.5,-1,False,0.48458339252857874
2023-11-16,1125.53,-1,False,0.4729272712782365
2023-11-17,1101.19,-1,False,0.5195634509499538
2023-11-20,1103.66,-1,False,0.5090178902468181
2023-11-21,1110.46,-1,False,0.4884447994234097
2023-11-22,1113.82,-1,False,0.4757725412605297
2023-11-23,1088.49,-1,False,0.5247680123911533
2023-11-24,1095.61,-1,False,0.5036418069738359
2023-11-27,1088.06,-1,False,0.5146326314221069
2023-11-28,1095.43,-1,False,0.49364416323334237
2023-11-29,1102.8,-1,False,0.4723421046248528
2023-11-30,1094.13,-1,False,0.4859811222032414
2023-12-01,1102.16,-1,False,0.46465394171029795
2023-12-04,1120.49,1,True,0.42354024525889433
2023-12-05,1115.97,1,False,0.43237665154733484
2023-12-06,1126.43,1,False,0.40853598320125595
2023-12-07,1121.49,1,False,0.4178943182960084
2023-12-08,1124.44,1,False,0.41021871632368057
2023-12-11,1125.5,1,False,0.4066345164297127
2023-12-12,1127.63,1,False,0.40243439723070196
2023-12-13,1114.2,1,False,0.43089272782084087
2023-12-14,1110.13,1,False,0.4395441850633939
2023-12-15,1102.3,-1,True,0.45536490836576105
2023-12-18,1091.88,-1,False,0.47596138852986736
2023-12-19,1096.3,-1,False,0.46433645306712223
2023-12-20,1100.76,-1,False,0.45250967625687377
2023-12-21,1102.43,1,True,0.44676282862023653
2023-12-22,1103.06,1,False,0.44316043701683727
2023-12-25,1117.66,1,False,0.4105123824902197
2023-12-26,1122.25,1,False,0.4005979008499865
2023-12-27,1121.99,1,False,0.4019661772808074
2023-12-28,1128.93,1,False,0.38871568263956513
2023-12-29,1129.93,1,False,0.3874985706514016
2024-01-02,1131.72,1,False,0.3852761501491718
2024-01-03,1144.17,1,False,0.35997104919384704
2024-01-04,1150.72,1,False,0.3479108121125599
2024-01-05,1154.68,1,False,0.34363272844455683
2024-01-08,1160.19,1,False,0.33601256787240175
2024-01-09,1158.59,1,False,0.34451026185666345
2024-01-10,1161.54,1,False,0.343897374503193
2024-01-11,1162.22,1,False,0.34773322637763204
2024-01-12,1154.7,1,False,0.36745087372181595
2024-01-15,1154.12,1,False,0.37205684129552763
2024-01-16,1163.12,1,False,0.3557475406541394
2024-01-17,1162.53,1,False,0.3605874016348287
2024-01-18,1169.06,1,False,0.3488550484592492
2024-01-19,1181.5,1,False,0.3248424251454469
2024-01-22,1182.86,1,False,0.32541329831284915
2024-01-23,1177.5,1,False,0.3403751130484798
2024-01-24,1172.97,1,False,0.352924793740666
2024-01-25,1170.37,1,False,0.36062898268495813
2024-01-26,1175.67,1,False,0.3513226239028666
2024-01-29,1175.69,1,False,0.3545061730534005
2024-01-30,1179.65,1,False,0.34922148146351384
2024-01-31,1164.31,1,False,0.3847754450038635
2024-02-01,1173.02,1,False,0.36847653962500837
2024-02-02,1172.55,1,False,0.373135349783259
2024-02-05,1186.06,1,False,0.34779473168094877
2024-02-06,1188.48,1,False,0.3469033379187989
2024-02-07,1198.53,1,False,0.3296038885212048
2024-02-15,1202.5,1,False,0.32532450544538494
2024-02-16,1209.7,1,False,0.3147373636921199
2024-02-19,1224.97,1,False,0.2869867772260585
2024-02-20,1230.06,1,False,0.28070933806433296
2024-02-21,1230.04,1,False,0.2856934333126582
2024-02-22,1227.31,1,False,0.2959752142290354
2024-02-23,1212.0,1,False,0.3330520837303744
2024-02-26,1224.17,1,False,0.31101542656959813
2024-02-27,1237.46,1,False,0.2870829334044832
2024-02-28,1254.55,1,False,0.2555688287657706
2024-02-29,1252.73,1,False,0.26551059797015175
2024-03-01,1258.28,1,False,0.2599079846011513
2024-03-04,1261.41,1,False,0.26002103308119073
2024-03-05,1269.98,1,False,0.2491753091724328
2024-03-06,1262.73,1,False,0.2720851683859279
2024-03-07,1268.46,1,False,0.2669395134324116
2024-03-08,1247.35,1,False,0.31893401780361985
2024-03-11,1235.49,1,False,0.35035499821548
2024-03-12,1245.0,1,False,0.33527493736854297
2024-03-13,1270.51,1,False,0.2864501217978259
2024-03-14,1264.26,1,False,0.30614784488882296
2024-03-15,1263.78,1,False,0.31302820927742525
2024-03-18,1243.56,1,False,0.3617399763681034
2024-03-19,1242.46,1,False,0.3689187714185721
2024-03-20,1260.08,1,False,0.3357799738732402
2024-03-21,1276.42,1,False,0.30583728642066843
2024-03-22,1281.8,1,False,0.29969195372029145
2024-03-25,1267.86,1,False,0.3345451033115844
2024-03-26,1282.21,1,False,0.3088220261752712
2024-03-27,1283.09,1,False,0.3121809953810384
2024-03-28,1290.18,1,False,0.30236873382237217
2024-03-29,1284.09,1,False,0.3211620690730548
2024-04-01,1281.52,1,False,0.33224601774817797
2024-04-02,1287.04,1,False,0.3256588863901756
2024-04-03,1271.47,1,False,0.3640971021473146
2024-04-04,1268.25,1,False,0.3753668661402043
2024-04-05,1255.11,1,False,0.4070122109683886
2024-04-08,1250.35,1,False,0.4202440807642601
2024-04-09,1262.82,1,False,0.3969335708073306
2024-04-10,1258.56,1,False,0.4098665768053973
2024-04-11,1258.2,1,False,0.4144504544462273
2024-04-12,1276.6,1,False,0.37897358910299295
2024-04-15,1216.61,-1,True,0.5106651062222582
2024-04-16,1215.68,-1,False,0.5142397771255713
2024-04-17,1193.01,-1,False,0.564578835938502
2024-04-19,1174.85,-1,False,0.603986843062722
2024-04-22,1190.22,-1,False,0.571465697366187
2024-04-23,1177.4,-1,False,0.59885461532331
2024-04-24,1205.61,-1,False,0.5385027530120281
2024-04-25,1204.97,-1,False,0.5401677275609593
2024-04-26,1209.52,-1,False,0.5306179463812363
2024-05-02,1216.36,-1,False,0.5160931658079031
2024-05-03,1221.03,-1,False,0.5058087860758927
2024-05-06,1241.58,-1,False,0.4618030409607997
2024-05-07,1248.63,1,True,0.4473401988267215
2024-05-08,1250.46,1,False,0.4443797146846945
2024-05-09,1248.64,1,False,0.449908261808152
2024-05-10,1244.7,-1,True,0.459330267885915
2024-05-13,1240.18,-1,False,0.46923695307924995
2024-05-14,1243.28,-1,False,0.4620352018240227
2024-05-15,1254.39,1,True,0.4380464009868569
2024-05-16,1268.78,1,False,0.40733706292252436
2024-05-17,1273.11,1,False,0.3984664388949146
2024-05-20,1277.58,1,False,0.3891150339751833
2024-05-21,1277.14,1,False,0.3906920819285289
2024-05-22,1266.91,1,False,0.4127798491300897
2024-05-23,1281.03,1,False,0.38365925368945175
2024-05-24,1261.93,1,False,0.42616894727176313
2024-05-27,1267.68,1,False,0.4146986413391869
2024-05-28,1281.73,1,False,0.3847568201584932
2024-05-29,1272.64,1,False,0.40480581649589553
2024-05-30,1266.32,1,False,0.41860292869196447
2024-05-31,1261.72,1,False,0.42935163015041955
2024-06-03,1280.0,1,False,0.39138899765413593
2024-06-04,1283.52,1,False,0.38478107577106846
2024-06-05,1284.35,1,False,0.38332703842435545
2024-06-06,1283.56,1,False,0.38511415730804277
2024-06-07,1287.58,1,False,0.3772622690086036
2024-06-10,1290.67,1,False,0.3709367517576657
2024-06-11,1284.41,1,False,0.3845510805875403
2024-06-12,1300.19,1,False,0.3508102240872094
2024-06-13,1301.51,1,False,0.3487060496962848
2024-06-14,1279.91,1,False,0.3954149962057292
2024-06-17,1274.77,1,False,0.4060151320371598
2024-06-18,1279.5,1,False,0.3961192752422963
2024-06-19,1279.79,1,False,0.39599106700439746
2024-06-20,1282.3,1,False,0.3917329075895811
2024-06-21,1282.02,1,False,0.39371103942230046
2024-06-24,1254.12,-1,True,0.4537566746248183
2024-06-25,1256.56,1,True,0.4483857889831009
2024-06-26,1261.24,1,False,0.43838208133946466
2024-06-27,1259.09,1,False,0.44227987165315896
2024-06-28,1245.32,-1,True,0.4733448143232861
2024-07-01,1254.56,-1,False,0.4550179664787436
2024-07-02,1269.79,1,True,0.42536028247393387
2024-07-03,1276.85,1,False,0.414488570408846
2024-07-04,1279.89,1,False,0.4117888341020054
2024-07-05,1283.04,1,False,0.4095425911231394
2024-07-08,1283.56,1,False,0.41179273232545544
2024-07-09,1293.71,1,False,0.39365473175025056
2024-07-10,1285.94,1,False,0.41379208781917787
2024-07-11,1283.8,1,False,0.42134771113644487
2024-07-12,1280.75,1,False,0.4305397220306796
2024-07-15,1279.82,1,False,0.4342101159764792
2024-07-16,1281.18,1,False,0.4326746490732619
2024-07-17,1268.66,-1,True,0.4605772662538594
2024-07-18,1274.44,1,True,0.4491771283433762
2024-07-19,1264.78,-1,True,0.4709673311549487
2024-07-22,1254.64,-1,False,0.49355363782212325
2024-07-23,1231.81,-1,False,0.5424992983197792
2024-07-24,1238.47,-1,False,0.52738631914149
2024-07-25,1233.19,-1,False,0.5372795771207202
2024-07-26,1242.11,-1,False,0.5166189928376641
2024-07-29,1246.6,-1,False,0.5055532358719725
2024-07-30,1245.06,-1,False,0.5074988825092779
2024-07-31,1251.51,-1,False,0.49286321913559983
2024-08-01,1226.96,-1,False,0.5436886896078564
2024-08-02,1236.6,-1,False,0.5217144040222739
2024-08-05,1188.07,-1,False,0.6233666443746044
2024-08-06,1210.28,-1,False,0.5721721420824488
2024-08-07,1215.88,-1,False,0.5575858562057987
2024-08-08,1208.32,-1,False,0.5714462062489393
2024-08-09,1223.64,-1,False,0.5366186116780379
2024-08-12,1230.28,-1,False,0.520084946620327
2024-08-13,1230.42,-1,False,0.5174817996278498
2024-08-14,1230.36,-1,False,0.5152732394756635
2024-08-15,1223.56,-1,False,0.5274010457634111
2024-08-16,1252.23,-1,False,0.4637798733857027
2024-08-19,1261.62,1,True,0.4421858811544289
2024-08-20,1272.55,1,False,0.41800130287290416
2024-08-21,1284.05,1,False,0.3923969049838356
2024-08-22,1282.78,1,False,0.39433605458205856
2024-08-23,1285.32,1,False,0.3890695547016044
2024-08-26,1280.02,1,False,0.4007750534489747
2024-08-27,1280.56,1,False,0.39965149882360296
2024-08-28,1281.44,1,False,0.3978171681225806
2024-08-29,1281.47,1,False,0.3977162474488293
2024-08-30,1283.87,1,False,0.39259874633133884
2024-09-04,1275.8,1,False,0.4110148201792835
2024-09-05,1268.21,1,False,0.42795693242732846
2024-09-06,1273.96,1,False,0.4160552230996595
2024-09-09,1267.73,1,False,0.42992163704594344
2024-09-10,1255.23,-1,True,0.45742187093935105
2024-09-11,1253.27,-1,False,0.4616107286039507
2024-09-12,1256.35,-1,False,0.45435830044387804
2024-09-13,1251.71,-1,False,0.46331815047489033
2024-09-16,1239.26,-1,False,0.488521031348647
2024-09-17,1258.95,1,True,0.4448353736923627
2024-09-18,1264.9,1,False,0.4311413478497399
2024-09-19,1271.27,1,False,0.4163740111506521
2024-09-20,1272.04,1,False,0.41410437883108775
2024-09-23,1268.48,1,False,0.4211506342842687
2024-09-24,1276.99,1,False,0.4025578409732742
2024-09-25,1287.48,1,False,0.3801716431098471
2024-09-26,1291.49,1,False,0.3719338306888941
2024-09-27,1290.92,1,False,0.37413242871448726
2024-09-30,1287.94,1,False,0.38117088772076946
2024-10-01,1292.2,1,False,0.37313275096762566
2024-10-02,1287.84,1,False,0.38401312575149094
2024-10-03,1278.1,1,False,0.40711183223432323
2024-10-04,1270.6,1,False,0.42474609571264776
2024-10-07,1269.93,1,False,0.42778844254711657
2024-10-08,1271.98,1,False,0.42464257622326296
2024-10-09,1281.85,1,False,0.40479412182554664
2024-10-10,1286.36,1,False,0.396815757831964
2024-10-11,1288.39,1,False,0.3940168333951273
2024-10-14,1286.34,1,False,0.4010284379732012
2024-10-15,1281.08,1,False,0.4143465018209037
2024-10-16,1279.48,1,False,0.4217708849486992
2024-10-17,1286.52,1,False,0.40982672829902334
2024-10-18,1285.46,1,False,0.41513610863742345
2024-10-21,1279.77,1,False,0.43055358238072283
2024-10-22,1269.89,-1,True,0.45395375147699346
2024-10-23,1270.9,-1,False,0.45352581316941165
2024-10-24,1257.41,-1,False,0.4839098661436695
2024-10-25,1252.72,-1,False,0.49503539586892253
2024-10-28,1254.77,-1,False,0.4919475697608747
2024-10-29,1261.78,-1,False,0.477179799925847
2024-10-30,1258.63,-1,False,0.4838721833169899
2024-10-31,1264.48,-1,False,0.47085341640303124
2024-11-01,1254.89,-1,False,0.49035926027311794
2024-11-04,1244.71,-1,False,0.5107569310412936
2024-11-05,1245.76,-1,False,0.5067694815882575
2024-11-06,1261.28,-1,False,0.4723464359842412
2024-11-07,1259.75,-1,False,0.4747585700276862
2024-11-08,1252.56,-1,False,0.48907891043788365
2024-11-11,1250.32,-1,False,0.4925808145034708
2024-11-12,1244.82,-1,False,0.5028006569805922
2024-11-13,1246.04,-1,False,0.49886951519960643
2024-11-14,1231.89,-1,False,0.5279407331432158
2024-11-15,1218.57,-1,False,0.5543884467052218
2024-11-18,1217.12,-1,False,0.5553365812753607
2024-11-19,1205.15,-1,False,0.5790906224336696
2024-11-20,1216.54,-1,False,0.5528326224128798
2024-11-21,1228.33,-1,False,0.5260856119171291
2024-11-22,1228.1,-1,False,0.5255610842951842
2024-11-25,1234.7,-1,False,0.5110700883250809
2024-11-26,1242.13,-1,False,0.49425055354772973
2024-11-27,1241.97,-1,False,0.49360388159102986
2024-11-28,1242.11,-1,False,0.4920376620361552
2024-11-29,1250.46,-1,False,0.47301952923321067
2024-12-02,1251.21,-1,False,0.47064724369613953
2024-12-03,1249.83,-1,False,0.4724594844642802
2024-12-04,1240.41,-1,False,0.4908214163198691
2024-12-05,1267.53,1,True,0.4310503893025823
2024-12-06,1270.14,1,False,0.42449790881968696
2024-12-09,1273.84,1,False,0.4158741722772211
2024-12-10,1272.07,1,False,0.41883552269112556
2024-12-11,1268.86,1,False,0.4249652624977045
2024-12-12,1267.35,1,False,0.4277698177017468
2024-12-13,1262.57,1,False,0.43777395848132183
2024-12-16,1263.79,1,False,0.43486588378789515
2024-12-17,1261.72,1,False,0.4389044432817153
2024-12-18,1266.0,1,False,0.4289488137272909
2024-12-19,1254.67,-1,True,0.45211335687282783
2024-12-20,1257.5,1,True,0.44464652642302505
2024-12-23,1262.76,1,False,0.432233716687515
2024-12-24,1260.36,1,False,0.4365338902883992
2024-12-25,1274.04,1,False,0.40667176612045375
2024-12-26,1272.87,1,False,0.4086143808061874
2024-12-27,1275.14,1,False,0.4032512916113693
2024-12-30,1272.02,1,False,0.40967253190479325
2024-12-31,1266.78,1,False,0.42088598822563295
2025-01-02,1269.71,1,False,0.4144890035447848
2025-01-03,1254.59,1,False,0.44711193618694867
2025-01-06,1246.35,-1,True,0.464681229274446
2025-01-07,1246.95,-1,False,0.46304310915372193
2025-01-08,1251.02,-1,False,0.4537627385279617
2025-01-09,1245.77,-1,False,0.4645755441053665
2025-01-10,1230.48,-1,False,0.4962161244382226
2025-01-13,1235.65,-1,False,0.4841862068726548
2025-01-14,1229.07,-1,False,0.4977589546524004
2025-01-15,1236.18,-1,False,0.4819460277969322
2025-01-16,1242.36,-1,False,0.4677426340902243
2025-01-17,1249.11,-1,False,0.4526634395151653
2025-01-20,1249.55,-1,False,0.4515801665321062
2025-01-21,1246.09,-1,False,0.4588902017720464
2025-01-22,1242.53,-1,False,0.46650083335354664
2025-01-23,1259.63,1,True,0.43005634232292533
2025-01-24,1265.05,1,False,0.4197546371533616
2025-02-03,1253.03,1,False,0.4472786935234052
2025-02-04,1264.68,1,False,0.42410851961066276
2025-02-05,1269.61,1,False,0.4162237129798715
2025-02-06,1271.48,1,False,0.41455354079967277
2025-02-07,1275.2,1,False,0.4085273204824792
2025-02-10,1263.26,1,False,0.43590844199270284
2025-02-11,1268.45,1,False,0.42613039817320597
2025-02-12,1266.91,1,False,0.43053885575880213
2025-02-13,1270.35,1,False,0.42431815740506584
2025-02-14,1276.08,1,False,0.4133801755413332
2025-02-17,1272.72,1,False,0.4216210199138579
2025-02-18,1278.14,1,False,0.4110494710543915
2025-02-19,1288.56,1,False,0.3901606241315627
2025-02-20,1292.98,1,False,0.38286531551354297
2025-02-21,1296.75,1,False,0.3759663262795703
2025-02-24,1304.56,1,False,0.36054322176906606
2025-02-25,1303.16,1,False,0.36484512791370516
2025-02-26,1302.96,1,False,0.36661622076765543
2025-02-27,1307.8,1,False,0.35782096239340544
2025-02-28,1305.36,1,False,0.36475157055091445
2025-03-03,1309.37,1,False,0.3580942711708184
2025-03-04,1311.91,1,False,0.3546776948851841
2025-03-05,1304.71,1,False,0.3721326400848257
2025-03-06,1318.22,1,False,0.345136143288299
2025-03-07,1326.05,1,False,0.33127059561389205
2025-03-10,1330.28,1,False,0.32526213387019065
2025-03-11,1332.54,1,False,0.32339012034248926
2025-03-12,1334.41,1,False,0.32254767094142933
2025-03-13,1326.27,1,False,0.3424385726611523
2025-03-14,1326.15,1,False,0.3450062025066437
2025-03-17,1336.26,1,False,0.3257585076561107
2025-03-18,1330.97,1,False,0.33976828959815375
2025-03-19,1324.63,1,False,0.3560043902658758
2025-03-20,1323.93,1,False,0.35986882911227935
2025-03-21,1321.88,1,False,0.3672230442179818
2025-03-24,1330.32,1,False,0.3525817500770987
2025-03-25,1331.92,1,False,0.3527970186387054
2025-03-26,1326.09,1,False,0.3686744827490621
2025-03-27,1323.81,1,False,0.37699242531870203
2025-03-28,1317.46,1,False,0.394511907773231
2025-03-31,1306.86,1,False,0.42055247355271996
2025-04-01,1317.33,1,False,0.4017006649502931
2025-04-02,1317.83,1,False,0.40415438004386794
2025-04-03,1229.84,-1,True,0.594170250144668
2025-04-04,1210.67,-1,False,0.634021355334329
2025-04-08,1132.79,-1,False,0.7976271946998033
2025-04-09,1094.3,-1,False,0.8744096357153505
2025-04-10,1168.34,-1,False,0.7108492756234568
2025-04-11,1222.46,-1,False,0.592032724286452
2025-04-14,1241.44,-1,False,0.5499054897381437
2025-04-15,1227.79,-1,False,0.5783737824548761
2025-04-16,1210.3,-1,False,0.6138961270716898
2025-04-17,1217.25,-1,False,0.5965767534209079
2025-04-18,1219.12,-1,False,0.5902590326168696
2025-04-21,1207.07,-1,False,0.6134045177810971
2025-04-22,1197.13,-1,False,0.6320670459782465
2025-04-23,1211.0,-1,False,0.5995407026504456
2025-04-24,1223.35,-1,False,0.5709078182769514
2025-04-25,1229.23,-1,False,0.5563925666942723
2025-04-28,1226.8,-1,False,0.5595206744446337
2025-04-29,1226.3,-1,False,0.5585928972636209
2025-05-05,1240.05,-1,False,0.5271649866767391
2025-05-06,1241.95,-1,False,0.52103134864671
2025-05-07,1250.37,-1,False,0.5009507333857723
2025-05-08,1269.8,-1,False,0.45770427557147997
2025-05-09,1267.3,-1,False,0.4615046102989334
2025-05-12,1283.26,1,True,0.42607842186054445
2025-05-13,1293.43,1,False,0.40364068082039406
2025-05-14,1309.73,1,False,0.3684236970404684
2025-05-15,1313.2,1,False,0.36124836707751007
2025-05-16,1301.39,1,False,0.3864794017872921
2025-05-19,1296.29,1,False,0.39684780989143864
2025-05-20,1315.15,1,False,0.35645528477821675
2025-05-21,1323.05,1,False,0.33955561985217964
2025-05-22,1313.84,1,False,0.35897267085480256
2025-05-23,1314.46,1,False,0.35694472838911484
2025-05-26,1332.51,1,False,0.31785291050025455
2025-05-27,1339.81,1,False,0.3022773421392755
2025-05-28,1341.87,1,False,0.2984917340337432
2025-05-29,1341.86,1,False,0.29919384739061605
2025-05-30,1332.6,1,False,0.3190895136056663
2025-06-02,1336.3,1,False,0.3113073601923819
2025-06-03,1347.25,1,False,0.28857292103412047
2025-06-04,1345.74,1,False,0.29278776685505203
2025-06-05,1342.09,1,False,0.30156786547144254
2025-06-06,1329.89,1,False,0.3279705328958079
2025-06-09,1310.57,1,False,0.36888671935909756
2025-06-10,1316.23,1,False,0.3562019002539907
2025-06-11,1315.2,1,False,0.35805962029571026
2025-06-12,1322.99,1,False,0.3414284996517585
2025-06-13,1315.49,1,False,0.35804489367378933
2025-06-16,1338.11,1,False,0.3099572754709923
2025-06-17,1347.69,1,False,0.29050340791356666
2025-06-18,1346.83,1,False,0.2974331497991982
2025-06-19,1352.04,1,False,0.29227320135970003
2025-06-20,1349.35,1,False,0.30747887162890297
2025-06-23,1358.18,1,False,0.29978551108308227
2025-06-24,1366.77,1,False,0.28977703894411844
2025-06-25,1366.75,1,False,0.296070070999643
2025-06-26,1365.67,1,False,0.3037898528377332
2025-06-27,1371.44,1,False,0.29751587876351804
2025-06-30,1376.07,1,False,0.2946688762374694
2025-07-01,1377.84,1,False,0.2977913532206258
2025-07-02,1384.59,1,False,0.29034011566462103
2025-07-03,1381.96,1,False,0.30361096769498896
2025-07-04,1386.97,1,False,0.3009835650899364
2025-07-07,1402.06,1,False,0.2765789537514769
2025-07-08,1415.46,1,False,0.25587982036986323
2025-07-09,1431.32,1,False,0.23028538460738812
2025-07-10,1445.64,1,False,0.20875159827161438
2025-07-11,1457.76,1,False,0.19252892481799622
2025-07-14,1470.42,1,False,0.1750895725121533
2025-07-15,1460.65,1,False,0.20572094610749403
2025-07-16,1475.47,1,False,0.18337546302231855
2025-07-17,1490.01,1,False,0.1614245667774339
2025-07-18,1497.28,1,False,0.15564133572193362
2025-07-21,1485.05,1,False,0.19086784849251393
2025-07-22,1509.54,1,False,0.14719085355500594
2025-07-23,1512.31,1,False,0.14996638865114487
2025-07-24,1521.02,1,False,0.14010474959545105
2025-07-25,1531.13,1,False,0.12816059294577475
2025-07-28,1557.42,1,False,0.08253535255532829
2025-07-29,1493.41,1,False,0.22888159102958172
2025-07-30,1507.63,1,False,0.20608044893673716
2025-07-31,1502.52,1,False,0.22531948106849453
2025-08-01,1495.21,1,False,0.24897953172807374
2025-08-04,1528.19,1,False,0.18603101946339617
2025-08-05,1547.15,1,False,0.15395037301667047
2025-08-06,1573.71,1,False,0.10647174394389236
2025-08-07,1581.81,1,False,0.09932283527320496
2025-08-08,1584.95,1,False,0.10345278645012179
2025-08-11,1596.86,1,False,0.08894533131434257
2025-08-12,1608.22,1,False,0.07564675858388781
2025-08-13,1611.6,1,False,0.07984211328757052
2025-08-14,1640.69,1,False,0.029775930116114235
2025-08-15,1630.0,1,False,0.06592588870831884
2025-08-18,1636.37,1,False,0.06624207794367842
2025-08-19,1654.2,1,False,0.04226670432061708
2025-08-20,1664.36,1,False,0.03538677306795379
2025-08-21,1688.0,1,False,0.0
2025-08-22,1645.47,1,False,0.10639897710616641
2025-08-25,1614.03,1,False,0.18643903351779156
2025-08-26,1667.63,1,False,0.08421635313399745
2025-08-27,1672.78,1,False,0.08718116863541336
2025-08-28,1680.86,1,False,0.08392485264715344
2025-08-29,1682.21,1,False,0.09541854792042759
2025-09-03,1681.3,1,False,0.11138480489824798
2025-09-04,1696.29,1,False,0.09319396173850347
2025-09-05,1666.97,1,False,0.169695297529739
2025-09-08,1624.53,1,False,0.2728189006663362
2025-09-09,1637.32,1,False,0.2566360757190923
2025-09-10,1643.26,1,False,0.25534489748538614
2025-09-11,1657.75,1,False,0.2360881067801366
2025-09-12,1667.26,1,False,0.22773594647132778
2025-09-15,1684.9,1,False,0.20265477679638744
2025-09-16,1680.9,1,False,0.224048660223914
2025-09-17,1670.97,1,False,0.2572013181192886
2025-09-18,1665.18,1,False,0.28055687421385833
2025-09-19,1658.62,1,False,0.30460891289809533
2025-09-22,1634.45,1,False,0.3651314307692839
2025-09-23,1635.26,1,False,0.37106539313150333
2025-09-24,1657.46,1,False,0.33108867851957624
2025-09-25,1666.09,1,False,0.321297207485975
2025-09-26,1660.7,1,False,0.3409931980332156
2025-09-29,1666.48,1,False,0.33611911931335836
2025-09-30,1661.7,1,False,0.3535926893583695
2025-10-01,1665.05,1,False,0.35413410928193023
