time,Sản xuất Dầu khí,"Thiết bị, Dịch vụ và Phân phối Dầu khí",Hóa chất,Lâm nghiệp và Giấy,Kim loại,Khai khoáng,Xây dựng và Vật liệu,Hàng công nghiệp,Điện tử & Thiết bị điện,Công nghiệp nặng,Vận tải,Tư vấn & Hỗ trợ Kinh doanh,Ô tô và phụ tùng,Bia và đồ uống,Sản xuất thực phẩm,Hàng gia dụng,Hàng hóa giải trí,Hàng cá nhân,Thuốc lá,Thiết bị và Dịch vụ Y tế,Dược phẩm,Phân phối thực phẩm & dược phẩm,Bán lẻ,Truyền thông,Du lịch & Giải trí,Viễn thông cố định,Viễn thông di động,Sản xuất & Phân phối Điện,Nước & Khí đốt,Ngân hàng,Bảo hiểm phi nhân thọ,Bảo hiểm nhân thọ,Bất động sản,Dịch vụ tài chính,Phần mềm & Dịch vụ Máy tính,Thiết bị và Phần cứng
2025-07-03,2.0514660260719495,2.049243652870717,2.051086218585066,2.0315303614776536,2.037441539904567,2.0068284358001884,2.0630631863590905,2.05816833099066,2.052596571484337,2.0519498273015264,1.9749667117536975,2.045064577016479,2.0510849340992885,2.0208464211822195,2.0644829419065798,2.04953373748949,2.0498811021271974,2.042597503312737,2.0517130941397133,2.050455833334833,2.0559247669807803,2.056867523988864,2.039608447537861,1.9962111918046785,2.052341213955486,2.043737694214122,2.044605329427486,2.0402899995675448,2.028518209263183,2.044595884582575,2.053774967064015,2.0528542829930063,2.0194522260589824,2.570797129263743,2.0397549366507866,2.0522443001145945
2025-07-04,1.9874612221580572,1.9861590404843321,1.9842651996169949,1.9686777617729403,1.9684321039748907,1.9481464994215807,1.975295135133772,1.9861649918089574,1.9830385828869048,1.9894886122616013,1.938517638525513,1.9839908051688935,1.988145112511208,1.9587672418069295,1.9984204066343587,1.985463475357926,1.985928630609224,1.981405160978834,1.9853549359317353,1.9871959053562207,2.0059174871795316,1.9907004633264187,1.9771371752098046,1.9322308191334345,1.9870130426086343,1.9823276802691456,1.9823865476688871,1.9766416393712771,1.9645188919941405,1.982043284448143,1.989456834339081,1.9903995860221846,1.9608262095115208,2.4368548116835127,1.9800477464290576,1.990630189683657
2025-07-07,1.9295136794564534,1.9283651658357672,1.9272682081608363,1.9125956154841068,1.9142117216470762,1.888120513649128,1.9221433364008897,1.9358001711516732,1.9144884253293253,1.9325135632156283,1.898075218928611,1.9275955584299589,1.9309503348676906,1.9053026478817787,1.9187695397925268,1.9267227485164018,1.9273343856690253,1.925094259059029,1.9281868510378481,1.9297537762350292,1.9418817946454805,1.9279944370879751,1.918227592635614,1.8847205175879682,1.9295723548623964,1.9244682203272299,1.924959930620288,1.919978235978231,1.9068980105586,1.9338158756920658,1.9302043163652371,1.9323624679062894,1.9212181543932885,2.333323574576695,1.9239255593037932,1.9314133393174735
2025-07-08,1.7627439415457549,1.7613243423661187,1.7614316859955002,1.7459703251402674,1.7553322859285891,1.7257238723166137,1.7556410005350258,1.7679049300374325,1.7466874983335678,1.7649900119076205,1.7481986847357327,1.758123082357344,1.7586597484530742,1.7418063904309988,1.756381376700751,1.7609911459886698,1.7604651305839516,1.758926734327836,1.761280509105451,1.762561135851363,1.7834681927827036,1.764300576591389,1.7527047634289705,1.7593186408392838,1.7644205526248589,1.7567352180151654,1.7580602691838314,1.758696455300372,1.742090878008169,1.7618423644347818,1.763867350861735,1.7646048628938609,1.7508070479724918,2.0064093411940553,1.7590163764495685,1.7628924098154788
2025-07-09,1.6699902075126072,1.6704645599527839,1.6652401594932773,1.6533941111617079,1.6649352149855534,1.648332426909469,1.6507102414104993,1.6740225802164623,1.6488073006791677,1.6729893809485614,1.6655100599631316,1.667529998969893,1.664601673492278,1.6485541249594489,1.6569644157085253,1.6710974807829588,1.6687583462120748,1.6665609711272156,1.6687729205078112,1.6709049000590575,1.678184590532964,1.6702521067447376,1.6605623175868311,1.7044645788257244,1.6684885912087692,1.6631027762049213,1.6661945099385749,1.6681303385468726,1.64447475712895,1.6719764127792645,1.671566070212053,1.6716082045089848,1.6624886317055065,1.8492476735489856,1.6641462168844345,1.6680422004232613
2025-07-10,1.5915936430597355,1.5938648412694114,1.5833275867517858,1.5742532854720341,1.5881721061645853,1.5638346878829719,1.566713038356253,1.5941820839965006,1.5707405906858554,1.5937171161985584,1.5924438530187441,1.59054769704794,1.58488906631804,1.6156929552446575,1.578672872400111,1.5905206895565442,1.590946413231748,1.5910458627528876,1.5897321543432101,1.5884166863448521,1.5960943064991324,1.590943300436206,1.5801715330454928,1.6224182090899306,1.5908919834243236,1.5849417009199005,1.5934821113219737,1.5845637104068675,1.5696710292936582,1.579422356313916,1.5912508014929745,1.592376883103631,1.5864095790954447,1.6851891305840143,1.58749182653243,1.5904582349767615
2025-07-11,1.618203698899398,1.6142241236722152,1.6057526639887922,1.6015624436325562,1.615864211061385,1.5917505084263794,1.5955861018789204,1.6217617197258218,1.597655953884646,1.6232949573741735,1.609025502873539,1.612398513965843,1.6116787009028537,1.622666348287894,1.6248682959722078,1.618348771433879,1.6167648013099534,1.6190570012878516,1.6167127753820798,1.615986951147946,1.6271192231716922,1.6221646751001015,1.6090834538781724,1.6486216006789207,1.6149032205588056,1.6123501757065046,1.6210150672256638,1.6053558245415203,1.5997920260927676,1.6100416755414189,1.619234915953642,1.6192480879898086,1.6014586015191732,1.758649054008353,1.6169366391703057,1.6186118343953668
2025-07-14,1.5563002957265033,1.5526794749715662,1.5404092738173798,1.5392978699896023,1.5541221448033458,1.5247149778265112,1.5351867864484445,1.5631566772458199,1.5428615135647106,1.557004665525995,1.5442926134231183,1.5559926473803947,1.5538903176957513,1.6126335429269374,1.5609800899016948,1.557624427362076,1.5564823610984615,1.5563973212104176,1.5545642574747647,1.554472170946649,1.5529315306017568,1.5548320856324513,1.5558467239361466,1.565145727661022,1.5475019811505009,1.5507379028806816,1.5578363227039234,1.5577195816883422,1.5355173236456305,1.5479895844741869,1.5571514142732603,1.5577408378529272,1.54696316429469,1.6426733700120288,1.5561192111052622,1.555721561013118
2025-07-15,1.633693722377084,1.6285236489716222,1.6080409762886752,1.6195092292599107,1.6334934307723998,1.5981217009305408,1.6083851450505995,1.6357246919131587,1.6212478275648243,1.6352692279248031,1.5975754272381288,1.6293670978101806,1.634101514361511,1.6811865803971244,1.6418196292705747,1.6335571417621868,1.6332842463697306,1.6302707546835753,1.6339616590736246,1.6320223551886912,1.6286334164905776,1.6313130673130345,1.630194125217694,1.6384871342744973,1.62869354440264,1.628186758504719,1.6337623018453307,1.6328587286589595,1.6177851785201325,1.626592577581347,1.6339774883250187,1.6352030158793884,1.6373787864641949,1.8079679611303083,1.631236349058836,1.633965278626895
2025-07-16,1.5513086282141533,1.5460855429646845,1.5287942682114608,1.5433075746195852,1.553087415797073,1.52084787170183,1.5325815136872238,1.5471399023977868,1.5446977660332513,1.5550622688109217,1.5208233482269675,1.550081254635805,1.5516706638886955,1.6037701469661245,1.5547552511812166,1.5515069977764102,1.5510351814553927,1.5546568552532485,1.5512347013909062,1.5519719757252668,1.5492184990722035,1.5490717021310816,1.54995461674655,1.5544350348326599,1.5448826449174085,1.5504551238766562,1.553547086692534,1.555660908566726,1.5276302128976293,1.5452493224068555,1.5513947263401382,1.5534259710661114,1.5403441477275326,1.6663184049069062,1.549788840273517,1.5525566768938772
2025-07-17,1.4634744971960638,1.4593769251617241,1.44782845114513,1.4550393949695568,1.4672641188479976,1.4613511587323178,1.443700259943309,1.458757126258872,1.475134875533866,1.4643440807868873,1.4353827329630628,1.4601388782073363,1.46342228298335,1.4523067485966714,1.4755545499251286,1.463860219462334,1.4634575409850303,1.4647085673053248,1.4639337983940264,1.4613825922300334,1.4611823075549522,1.4656090779949555,1.4660433125210763,1.492395939162278,1.4575249323033428,1.4695879973090633,1.4672403150019415,1.4668337651088996,1.4442241653266361,1.4559982245753753,1.4652860413230147,1.4648612904242222,1.4760318924959184,1.4836332216031585,1.463180692662501,1.4632772799623073
2025-07-18,1.3249943983418877,1.322997741152486,1.3226957152286742,1.317856655871664,1.3266535711474126,1.3487156460515042,1.3139748369137747,1.3208666433599494,1.3384463201820798,1.3231043655427286,1.3049506062561187,1.331653217025925,1.3204642355150273,1.3168437799902095,1.3397957898487096,1.3269159577234888,1.3258500184408557,1.3323459859815465,1.3248574834003783,1.325168003842995,1.3207892594487567,1.326218366772795,1.3304731452122875,1.339821956285525,1.3133720322825582,1.3312601771238772,1.3272014443073354,1.3313362597871894,1.3070615441608417,1.3171485839299768,1.3227403574638792,1.324838823581203,1.3417252615731914,1.2101365763437524,1.3239537964447488,1.326419638780474
2025-07-21,1.3604530135889057,1.3574322916429604,1.3663806319486331,1.3485433666642774,1.3669837357643606,1.4109270163005907,1.3556915162815348,1.354890505798396,1.367241072586524,1.3586198694759353,1.3445202571822865,1.362942181170854,1.3603033970272886,1.3516715097027847,1.3259505010166543,1.3636463835315094,1.3618616626132076,1.3647901310195518,1.362007966500155,1.3602340573124951,1.35886582400523,1.3632116553137048,1.3631296275039326,1.3685322695118993,1.3577445312679681,1.3637759282950108,1.36096172837468,1.377897148680366,1.3562811964763335,1.3544109323199789,1.3597567500869088,1.360452073367831,1.3730598033715138,1.2729953853536577,1.360964923166036,1.3590258429718198
2025-07-22,1.1567458969467792,1.1532850806880748,1.1650436467288845,1.1551249997606177,1.1617589237479848,1.2517173939965112,1.1341285569437038,1.1543104623411085,1.1713542082075459,1.1538209374879271,1.167733037345414,1.1574558746962387,1.1582894323596629,1.1635678927468864,1.1322851468684965,1.1620890454865909,1.158654602116395,1.159858739285668,1.1589060040822936,1.1593204416252434,1.159321013260593,1.15878578197198,1.1614613919564245,1.164253749349451,1.156194173356257,1.1601309510448397,1.1583981116941773,1.1652008544790706,1.1694590991854346,1.1585002489408238,1.155737448712235,1.1572818430756542,1.1376950282300127,0.895369982079197,1.1600310651920098,1.1555120437740705
2025-07-23,1.0912421514892345,1.0904353127637603,1.1179722577862248,1.0828783719598623,1.1058651147721268,1.1588300170811736,1.071558552317822,1.086843766413657,1.1049942204389263,1.0869100777475933,1.1095468678146332,1.0916176535273139,1.0941144018348201,1.0873333092415591,1.0639815911966628,1.0980120819454602,1.0933056631218778,1.0938479116223678,1.0943789579158227,1.0934845258609731,1.0950606716214277,1.0931375882137389,1.1048161632176885,1.0990612810285068,1.099424530864034,1.0955020493184693,1.0940213259949352,1.103813643960847,1.1108545577432682,1.0920589240497784,1.0924960370009829,1.0916017951807564,1.0771880125741082,0.7751765034365071,1.095545150286018,1.0910547386018017
2025-07-24,1.0002352608704212,1.0003435872386914,1.0325170173007283,1.000665038153009,1.0042733631261345,1.0535986325360653,1.0023015323625655,0.995308619633482,1.0173227237748774,0.9948892735288849,1.032105358846939,0.9993572542375472,1.0008664123543582,0.993214034836684,0.9859097365401188,1.0041540543118588,1.0007122175508607,1.0053582445600875,1.0014725511981528,1.0033105623699108,1.000073972942911,0.9913733753285585,1.0099009610510354,1.0013654096821702,1.012831200691589,1.0050999981643616,1.001369621140822,1.0087126336156864,1.009221577521787,1.00085594115863,1.0004963155580107,0.9986723316068017,0.9999476206130222,0.586221255961701,1.001169176104902,0.9989620043262616
2025-07-25,0.8668477198247986,0.8660221797045239,0.9002711565090301,0.8779105209066821,0.86847246104101,0.9098991695036946,0.8574002283513829,0.8581088300883675,0.8859497908920865,0.8593528269777936,0.8962532814013899,0.8758986422184865,0.8656751941164633,0.8613846566494835,0.8770236062007638,0.8705940044017035,0.8674538303599835,0.8747041673812436,0.8680908987838578,0.8696364639852566,0.8658991342657275,0.8708607716379101,0.8787589698475227,0.8685562817408856,0.8796007166135142,0.8702086618077293,0.8710020884433598,0.8739271869972184,0.8772516509730501,0.8664807913925759,0.8650498380233849,0.8648385068493425,0.8885414074073966,0.35928632984246095,0.8674733178550357,0.8647279615439399
2025-07-28,0.5897107238830915,0.5910087273637394,0.6171212570399155,0.6185229202449973,0.596138775378525,0.6419277802664568,0.6015931983441462,0.5848597652755104,0.6106423112026306,0.585395157745365,0.6310175455207386,0.6023284997580393,0.5868843250370648,0.6021939628685888,0.6118123272599418,0.594717076972611,0.5919614047454683,0.5992078740104306,0.5915009455649725,0.5987480828848324,0.5855963740067677,0.5884857154496163,0.6027663116620383,0.5960329285777387,0.5995901363078717,0.5965111773913084,0.5958408097314903,0.5965943695012759,0.6041220557995657,0.5950885261630465,0.5906183949549484,0.5884028944354784,0.629246658386536,-0.12124740475538097,0.5948163679531866,0.5888947302520251
2025-07-29,1.073205849107265,1.075441841328465,1.0707686296905539,1.1120158786909005,1.0752115106275437,1.083134521085589,1.0944911927908425,1.0683797438050577,1.0871160036656677,1.0691143808402168,1.0879835613348716,1.0826525721903477,1.0785866206567731,1.0847198419160373,1.0895007819177784,1.0737855290354674,1.074402658506255,1.0709768136186844,1.0742434363410325,1.0766863991797848,1.0709133240889985,1.059251735910266,1.0733631873831952,1.0679652557297077,1.0769725160108443,1.0772508213977616,1.0716008411017035,1.07560352507692,1.0972893612369718,1.069094685385198,1.0730048736599223,1.0701320931665295,1.0673433965505945,0.7743563766997157,1.0723952038989,1.071569415833589
2025-07-30,0.8937008732353195,0.9025385686026602,0.9011805402496476,0.9361087936102848,0.9071622016236263,0.9195816368376983,0.9127996041413149,0.8917863838814505,0.906195626304709,0.8885041478064722,0.9273062761193861,0.9036676099651209,0.895654234171608,0.9002345039633632,0.909983769250891,0.8957683280925757,0.8960508061226646,0.900277491328448,0.8945202688154624,0.8979281972482434,0.8902215330488955,0.8887309321647665,0.9033183526100126,0.8868165989016547,0.8947567108864579,0.9015817940880293,0.8960768130083752,0.8919786017149002,0.9300186209962259,0.8939315572266966,0.8944412287820074,0.8910905595491989,0.8889171954066187,0.4389635950047748,0.897787512935469,0.8950486301251379
2025-07-31,0.7638992615748961,0.7726599563018577,0.7825418966515859,0.808299938159325,0.7736481865354821,0.7852819829040758,0.7778090340644003,0.761143371355206,0.7792098956625585,0.7615422972389303,0.8154830289039583,0.7691730465393292,0.7636191168014672,0.779694424215997,0.7761727844539549,0.7624792065975563,0.7659832514672177,0.7678093391703167,0.7647270207840916,0.767025804156978,0.7563384464562792,0.7505730102724197,0.7743229496936449,0.7755356364719529,0.7691395938264759,0.7706253994653521,0.7643486956376624,0.76382062936701,0.8088748980853866,0.7615865284065757,0.7616585242399431,0.7602670623208758,0.7795886265364336,0.1873448067907188,0.7710044925621933,0.7643136816840234
2025-08-01,0.7173878741633797,0.7287084302335002,0.7306284465484022,0.7768918642370995,0.7255827916643117,0.7367947133461815,0.750932826310814,0.7187667367842969,0.7253134837789208,0.7178527806209776,0.7803736651342392,0.7192810076278591,0.7198284621481323,0.7168975222137751,0.7119001232426816,0.7141821478859345,0.7193498461120209,0.7224012893817696,0.719849436608616,0.7206340390265346,0.7023030428741402,0.733512858634918,0.7265608815829722,0.7294105870975689,0.7163058331608724,0.724109691162813,0.7173487657723454,0.7216405968766338,0.7513917092388898,0.7108234745164509,0.7138468919384267,0.7145697912671702,0.7591200204745793,0.07658669098658653,0.7316135993314709,0.7189448848377564
2025-08-04,0.6272313446125974,0.6360478527851526,0.6298037584172238,0.6609653559755228,0.6351381581309357,0.6454145308463742,0.6906817150194433,0.6299443410594645,0.6314518653389117,0.6310837483316969,0.6950533659015368,0.6267560776158898,0.6289323653379028,0.6281276737882696,0.636090865549763,0.6231817927583104,0.6291246563436786,0.6275938374343335,0.6279017272948784,0.6243064868363368,0.6138613159593503,0.629806738317495,0.6432154264554958,0.6452690234530148,0.6328702474194684,0.6340431405219524,0.6282051320118035,0.6333840691687519,0.6715914244313667,0.6313368171042668,0.622425158974967,0.6240199839255883,0.6724190369385054,-0.07993254404799105,0.6472124932413021,0.6282949370535766
2025-08-05,0.7463981581928111,0.7529830703073004,0.7488860739561762,0.765656057937824,0.7602132107607797,0.7602117150646309,0.7978210501117798,0.7432449862007028,0.7549317557101037,0.7481241976760612,0.8076930433286422,0.7450312390967018,0.7532065307604244,0.7348721676825724,0.7591390679111327,0.7422888169321914,0.7471730258551745,0.7399483242988873,0.7471809408973232,0.7432605179601817,0.7285617029918713,0.7656912544776894,0.7574173701280447,0.7468993957574985,0.7513013835309031,0.752839079398718,0.7473581196407028,0.7501733219485622,0.7982081801081882,0.7619225415078072,0.7430285444026452,0.7430690304293082,0.775850308111277,0.15616632201357614,0.7592543954218761,0.7454929267923389
2025-08-06,0.6168732742019816,0.62209963170155,0.6368172248003374,0.633334845888911,0.628949197395474,0.6297269987894469,0.6777935265009324,0.6139958659720447,0.6228039299278053,0.6172227976878876,0.6755077401671369,0.6154034616949973,0.6190751825221904,0.6080056022197039,0.6388654155324711,0.6117798230610826,0.6168558287261835,0.6209922703981221,0.6156994267376256,0.6120808583996254,0.5937761299509996,0.617289554685744,0.6355807721282508,0.6121259032791659,0.618922724101773,0.6207036401151971,0.6215494539299325,0.6146244708972307,0.6626166412893288,0.6363940650338078,0.6136780089086867,0.612570948071003,0.6446992668258658,-0.08503295127777394,0.6264701412784461,0.6146433644710705
2025-08-07,0.518727194051545,0.5242330145180906,0.5360768630855665,0.5364055123862249,0.5344481543712702,0.5436291106257587,0.5840594229387515,0.5209071401300318,0.519632619314132,0.51886662930701,0.5731894594161304,0.5177761781544995,0.5200459058531803,0.5124393989989389,0.5424113090816941,0.5149473269262781,0.5195842171087628,0.5250506583862173,0.5182986465903192,0.5144974522014492,0.5119581478627602,0.5167859962048618,0.5365207971270545,0.5216997198889918,0.5168098758730941,0.5273664387566123,0.523458278797439,0.5149798478742417,0.5653353412381493,0.5413254269422506,0.5158404105153968,0.515717307539424,0.5708697944303391,-0.2683078447589305,0.5257542004328837,0.5169933017207794
2025-08-08,-0.36832142912202365,-0.3554308169148099,-0.33876562746363315,-0.3618297173366846,-0.36292009098715816,-0.3376167458863248,-0.43111330068692927,-0.36367865240507696,-0.3754693815215375,-0.36845323585872425,-0.31072658709635526,-0.3761339549094859,-0.3853475515848431,-0.36991922891178863,-0.375834295057142,-0.3709636996312016,-0.365906244917941,-0.36631973202388446,-0.3690419508698879,-0.3625817767343697,-0.3987790493406727,-0.3687237928959407,-0.3523237744812607,-0.3693146781460955,-0.39811857186484456,-0.3626531570801904,-0.3564030496341351,-0.3726550934142045,-0.371816269305313,-0.3869323302223561,-0.3741149344823257,-0.3724790619908596,-0.3679690857027088,-0.3536986595209279,-0.3604411005983194,-0.375257455591504
2025-08-11,-0.6235498570273236,-0.6147857260035101,-0.5904301512051922,-0.6168718725500808,-0.6198920306334231,-0.5808062166247788,-0.7104246157037578,-0.6268270483948487,-0.6191174373099759,-0.6212558801359945,-0.5500857822678115,-0.6326988267830899,-0.6433867146172393,-0.629312798955221,-0.6311791997222369,-0.623730337514444,-0.6200700210397757,-0.6133041518013822,-0.6225397597202533,-0.6297141086054334,-0.66022198234645,-0.615595861595969,-0.6014725897556699,-0.6174393154653585,-0.652214818905659,-0.61545471095861,-0.6101850779637819,-0.6320895645939743,-0.6205277182921255,-0.6479763949582173,-0.6280799794675034,-0.6252534616286947,-0.6063916426461063,-0.5855231031376248,-0.6138449717722436,-0.6272914517688578
2025-08-12,-0.8599521556603525,-0.8493703192070664,-0.818367329529033,-0.8551020461019806,-0.8590988574533962,-0.8131076542003178,-0.9554907457343409,-0.8670267248185677,-0.8614841359300295,-0.8577220266207228,-0.7622697875044765,-0.870100668346823,-0.8862193879317498,-0.8431596910937844,-0.8682909270354374,-0.8591843624669742,-0.8560653726980257,-0.8527572063685513,-0.8597732671129108,-0.8633298172765741,-0.8984336693653323,-0.8555064659978481,-0.8375398547324712,-0.8645404053471001,-0.8928027186588612,-0.8539303929213184,-0.8474756344422408,-0.87194871855239,-0.8703585386862791,-0.8920833933437772,-0.8666065462196697,-0.8629138284392904,-0.86204073329641,-0.7725315259538977,-0.8514387489907601,-0.865044943735629
2025-08-13,-0.9471819057611578,-0.9360529501228351,-0.91217950953183,-0.952355609309196,-0.9432234904615907,-0.9008787273539367,-1.0297287619439472,-0.9552805971839253,-0.9588025756215528,-0.9404640920308791,-0.8420727373066583,-0.9537203743385225,-0.9729416344013546,-0.9438006717686841,-0.9481291176830959,-0.9467267902607277,-0.942610966314151,-0.941426053287303,-0.9459918007407503,-0.9496124562020498,-0.983022323749978,-0.934617334191068,-0.931541655817086,-0.9451168686124645,-0.9744373879279307,-0.9405211582449259,-0.9316607354441854,-0.9584982429471929,-0.9482410331888357,-0.9789382664026106,-0.9469836732375579,-0.9455951234223581,-0.9272785595178954,-0.9009965685419766,-0.9373617541470444,-0.9489952768109055
2025-08-14,-0.9377135916771037,-0.9241817550603822,-0.9085697639565959,-0.9415773697822953,-0.9348068533008074,-0.8950074036081058,-1.0550348972764299,-0.9430559020026225,-0.9573908278614405,-0.9327742375777947,-0.8258778175521394,-0.9467257572497542,-0.9642716627128088,-0.9336358054443807,-0.9167538513357113,-0.9374328925427939,-0.9338993048235389,-0.9329377707894577,-0.9373012087741089,-0.9407236193923467,-0.9835270548562814,-0.9249049144359626,-0.9261455043512808,-0.9363589965530628,-0.9498887250922227,-0.9323656200543115,-0.9242803045989119,-0.9463438368371748,-0.9564451340698958,-0.9453941286581526,-0.9339895643435199,-0.9328204299409466,-0.9075635885668214,-0.916030272700516,-0.9281910168363071,-0.9406178689992432
2025-08-15,-0.7934500767003339,-0.78644259062117,-0.7770512185064432,-0.8030871600119898,-0.7925151136312976,-0.7595534037942399,-0.9129004419676089,-0.805025933677095,-0.8114376778338812,-0.7887611794471774,-0.705932283341899,-0.8014472224117326,-0.8213400630171155,-0.803804567050545,-0.7730784537688653,-0.7974059824055332,-0.7932119019543934,-0.8014643089696707,-0.7955213671013721,-0.7986902727483215,-0.8413971093399768,-0.7949114593678301,-0.7857115241527997,-0.7977087219570391,-0.7982521476192692,-0.7942467687602282,-0.7860169825608257,-0.7995919288548426,-0.8170586290019055,-0.8022866503568743,-0.7914603115950061,-0.7898029943827116,-0.7793117774343241,-0.6047785073079369,-0.7919062029241559,-0.7988453149566351
2025-08-18,-0.8296293369202609,-0.8256760529473292,-0.8070417168521581,-0.8399102537036469,-0.8273309297635907,-0.8078927046115257,-0.9046912698410392,-0.8382475144204483,-0.8483293918708289,-0.8285678238978041,-0.7392655533177839,-0.8358091839608776,-0.8609637241597551,-0.8455540137772144,-0.8094575214636434,-0.8347127294358644,-0.831233120214556,-0.8419976981224705,-0.8341031854252219,-0.8360185903513638,-0.8682558062449565,-0.8290711580929728,-0.8238024556495361,-0.8242844000670034,-0.8435413160365873,-0.8334054300936827,-0.8264960498319198,-0.8390419185891184,-0.8582911205586491,-0.8425380108115383,-0.825080296998923,-0.8270010817811363,-0.8101058022474634,-0.7875788988913722,-0.8317740090400343,-0.8352337771930988
2025-08-19,-0.8574241330953862,-0.8496292256017388,-0.8406630423772247,-0.8697307531850584,-0.8608130520360256,-0.8381968923911263,-0.8937587073687064,-0.8681897446859139,-0.8799839138699005,-0.8564645601024082,-0.7745544362451612,-0.8637036589844717,-0.8897251871265716,-0.8748677197879792,-0.8655330498522047,-0.8609659800661842,-0.860095998688525,-0.8681724852635615,-0.8633204475074644,-0.8653666225164027,-0.9009709399940927,-0.8588349011018928,-0.8490282190756634,-0.8536536700553286,-0.8671752744338251,-0.8630023267995607,-0.8548771003281451,-0.8636558988248423,-0.8860762963148346,-0.8589103745469404,-0.8541807604459564,-0.8576956714085651,-0.8145287755205263,-0.9117050805052693,-0.8620862849539344,-0.8621593707529014
2025-08-20,-0.6776866291121801,-0.6741359264519721,-0.6722009022463475,-0.6826655618231044,-0.6872474532172347,-0.6829852716361026,-0.7331945659188017,-0.6828597872145621,-0.690419522619385,-0.6775728966647364,-0.607293190433706,-0.6859641151228745,-0.70698773052119,-0.6932398748539763,-0.6878157187753716,-0.6833996882523676,-0.682378295576808,-0.689982476433112,-0.6839721306668282,-0.6867283455283237,-0.7268931687110564,-0.6812642335115897,-0.6819753951844194,-0.6810618313257327,-0.6885711272212257,-0.6843214634537498,-0.6804497627620166,-0.6849301330985909,-0.7082190762243101,-0.6610116972375226,-0.6786964990057345,-0.6800105130459013,-0.6485509379344059,-0.577103135306514,-0.6866677461274026,-0.6834089116615956
2025-08-21,-0.6372747807513681,-0.6342171802856515,-0.6457166579648268,-0.6430692489722932,-0.6474123278059133,-0.6441339920513884,-0.699564483825718,-0.6390757927876436,-0.6542876033838942,-0.6351475709849908,-0.5892438759761638,-0.6418019661247103,-0.6667263841939126,-0.6569566036539967,-0.6564620289920103,-0.6443601481782184,-0.641862565550344,-0.6515672837457218,-0.6433626673336637,-0.6464278081264183,-0.6791683627180497,-0.6405629683348514,-0.645353181989412,-0.6505352985861609,-0.6469338990808778,-0.6434297023261464,-0.6419460770334003,-0.6413250144143826,-0.6472143251184449,-0.5886645659583202,-0.6367372416933192,-0.6390610353465063,-0.637109480303238,-0.4879729331612933,-0.6417774811767015,-0.6419466181591098
2025-08-22,-0.2814731404268685,-0.2834866009488862,-0.3070301472510374,-0.2783031573005286,-0.2926254944530623,-0.3088207010398227,-0.3322332819787504,-0.2745609323632226,-0.29516250233942837,-0.27858136410866324,-0.285970131344238,-0.2891670663854462,-0.27645129662876894,-0.30688308603391706,-0.31123602387970944,-0.28657380636414387,-0.2850507780264201,-0.2882718921648576,-0.2853687588494805,-0.2885074970537461,-0.32458454922209246,-0.2921582551272573,-0.29468854918190335,-0.29124321255676966,-0.2909684629958506,-0.28579094806788774,-0.28597199678729573,-0.2884374401740941,-0.2814265328655135,-0.23626204958297467,-0.28160874821782805,-0.28312532228361686,-0.3054348739633096,0.13293135048709456,-0.2884195782735427,-0.2833795019485112
2025-08-25,-0.16983082122378818,-0.167934463311993,-0.19760895591956493,-0.16146535253213332,-0.178021977019915,-0.20316343210668134,-0.21493583461469623,-0.1712464817984091,-0.1871794847766861,-0.16756215245474507,-0.18570199756923278,-0.17173280366023344,-0.15770471568692632,-0.17448718545319733,-0.1895226262289993,-0.17328647772254385,-0.17300817514860364,-0.17766852519488677,-0.17057433170263073,-0.17515444048954038,-0.20005600696755205,-0.19223794148129278,-0.18584637412283822,-0.18541187064733483,-0.1711863939059835,-0.1750661929669808,-0.17287232016778678,-0.16860619511104527,-0.16010351241066248,-0.15342027627941482,-0.16710903711817024,-0.1682317948722487,-0.22359957285006232,0.34255183904643444,-0.17555147489755624,-0.16839962789040092
2025-08-26,-0.4790096143809632,-0.4719415819460692,-0.49241219118388063,-0.4812469708491033,-0.4830932848161712,-0.5138067296924912,-0.5244908228617668,-0.48436529137713524,-0.49295620657495326,-0.4776539722497149,-0.4745979764733331,-0.48136118678991324,-0.47691953591795794,-0.4997016621669832,-0.48945157743487383,-0.4816910898202091,-0.4821659882779788,-0.480991934545368,-0.48246064724209015,-0.4855192347803774,-0.5112407253776344,-0.4981512986926221,-0.4839071471300738,-0.48001556622915326,-0.48465982971157573,-0.48226292434480184,-0.4816858393292397,-0.47974969116906524,-0.48435371010378686,-0.4543195069177518,-0.4796248950000526,-0.47711002192327695,-0.48914990511280776,-0.15682333098791695,-0.48525793485149415,-0.47952622913528875
2025-08-27,-0.5560225404858506,-0.5504903171692128,-0.5620715606679794,-0.5581220256449915,-0.5624898080780663,-0.5771762398920973,-0.6131347271197406,-0.5573459905135388,-0.5693111724091243,-0.5546322491878527,-0.5398121300485353,-0.5582150851131371,-0.5521840195538743,-0.5705992602184736,-0.5611671724809898,-0.5575893398282877,-0.5570587303416022,-0.559339053191689,-0.5574106515841157,-0.5605087816295395,-0.5815199125213614,-0.5702641897314702,-0.5574943382867419,-0.55430644776823,-0.5568959354376066,-0.5606876071759513,-0.5561307603828991,-0.5587862696541636,-0.5654635603984849,-0.5335403629215054,-0.5555627225423198,-0.553760102663508,-0.5494808666649715,-0.3065296560589893,-0.5540725298881564,-0.5574636676407527
2025-08-28,-0.5967505117747768,-0.5929586657127293,-0.6028855462110213,-0.6081848186914348,-0.6040963973134393,-0.6157211483023516,-0.6565663400972066,-0.598038218312127,-0.6110900826850821,-0.5950104693286231,-0.5747658468890025,-0.6006008234220855,-0.5984656625705469,-0.6168225113196589,-0.6170092816769326,-0.5990423446889023,-0.5986533749663744,-0.6001998087849509,-0.5988139163677305,-0.5967289927549488,-0.6161703350980943,-0.5975402541940865,-0.6000459989671496,-0.5970347433814267,-0.6031174932342179,-0.6009352073181052,-0.5977046059047793,-0.6033407999426897,-0.6079323134741275,-0.5733965318481495,-0.5959697231689329,-0.5944484805261879,-0.600224601234175,-0.3162559686208124,-0.5959545012876176,-0.5977432229513833
2025-08-29,-0.6173830577791516,-0.6200706888775148,-0.6191394629742989,-0.628318715935153,-0.6207966905150816,-0.642787097104846,-0.659888118583613,-0.6166657755588232,-0.632416297286356,-0.6148167677813288,-0.6114603266252682,-0.6134131855180358,-0.6186805767877697,-0.6287778563572826,-0.6375707664374324,-0.6192451798291737,-0.6201484527747544,-0.6233798709735812,-0.6186532004447152,-0.616392845885212,-0.6299303359130992,-0.6309524002313129,-0.6215654986735906,-0.625450690521456,-0.6268261213815337,-0.6189899277953474,-0.618708093970359,-0.6352303731870457,-0.6141839532544188,-0.5888380891419387,-0.6140990374002341,-0.6161168871955607,-0.6216064236119547,-0.3014975927239319,-0.6190238426800659,-0.6193551629244999
2025-09-03,-0.726593440413645,-0.7281078037279868,-0.7278937090123334,-0.7369721188128727,-0.7253402347577683,-0.7391460483190102,-0.7588706544406392,-0.727424900030478,-0.7445453435140456,-0.7271558869953406,-0.7161973415589485,-0.7199138335392584,-0.7254531735559756,-0.7376334117382523,-0.7527229271194881,-0.7285346389950711,-0.7302962597135088,-0.7304761554555613,-0.7296243423446784,-0.7269089579867701,-0.7418075352739817,-0.748138490547192,-0.7339684060430389,-0.7172371145851772,-0.7434533935304913,-0.7290906519416074,-0.7277709550659995,-0.7410122640808291,-0.7267263470237226,-0.7051016312396625,-0.7282701262874534,-0.7273329385979591,-0.7153845762073944,-0.5324120861993272,-0.7283558817063469,-0.7309881190537127
2025-09-04,-0.86131369422917,-0.8618854115856353,-0.8555217402507869,-0.872782157593669,-0.8627291449613413,-0.8662549905697365,-0.8974994689852202,-0.8604535943358957,-0.8785084413845029,-0.8616433240445263,-0.8565507663938196,-0.8588668016187414,-0.8604357482542031,-0.8681718461604928,-0.8655771837331615,-0.8595069874701684,-0.8633509156903505,-0.8595253622443009,-0.8640960337072467,-0.8615395777205167,-0.8692516533602773,-0.8626812422455143,-0.8653133752647859,-0.8564674635278448,-0.8838305586886561,-0.8636819549821148,-0.8595459232090228,-0.8730066343400671,-0.8664486635139186,-0.8380414534001757,-0.8632178712879207,-0.8598103881007482,-0.8501297980552541,-0.760214003440335,-0.8609031187821076,-0.864458390348956
2025-09-05,-0.8168085824222323,-0.8165046067214417,-0.8124788542012233,-0.816450603839807,-0.822686297216671,-0.8208067712996652,-0.857570153821479,-0.8129217707913684,-0.8250992785541792,-0.8157501189674308,-0.831945183125264,-0.8145154262645455,-0.8149524361522364,-0.8237390737726035,-0.8307584939183648,-0.8163518245808606,-0.8179006817519162,-0.8071786935814171,-0.8193076083903376,-0.8164593117718141,-0.8110539200383532,-0.8176474384186085,-0.8231638408468994,-0.8084473122249599,-0.8338725658978645,-0.8184679886709725,-0.816354291835312,-0.8286419863723911,-0.8096559188009722,-0.8076237420334038,-0.8172194603703028,-0.8169324193279894,-0.819700236123546,-0.7055974681352057,-0.8161212867408996,-0.8206951509667011
2025-09-08,-0.5096668123884759,-0.5115667725347951,-0.5238343220991254,-0.506357506279496,-0.5108640135868008,-0.5151602642620075,-0.5382838366506397,-0.5077363150968306,-0.5236715241613855,-0.509201107819931,-0.5377256972853443,-0.5027186635653174,-0.5018166854386787,-0.5176485556942002,-0.5434194678195998,-0.5105157670337942,-0.5104358463167034,-0.5184860459165287,-0.5091181872558282,-0.5082637198583948,-0.500865048743581,-0.5026250844444816,-0.5240872203050242,-0.5158580041752597,-0.5226834349467097,-0.5097567121190572,-0.5108251074262207,-0.5167515552664805,-0.4926826258497257,-0.511108730097969,-0.5120328443616426,-0.5084573611424685,-0.5320957813090754,-0.1061258298750456,-0.5106744169221934,-0.5122749783204384
2025-09-09,-0.5536280774558592,-0.5571410353370039,-0.5684410798712195,-0.5506733757761296,-0.5562426074360517,-0.5681368674691814,-0.5760636346388521,-0.5528372443445934,-0.5662053273368616,-0.5543757606008477,-0.583748488995776,-0.5484313101541776,-0.5407624999641636,-0.5708662530356862,-0.5838009881405465,-0.5538853750290733,-0.5544360496425107,-0.5615018024862629,-0.5537954036738865,-0.5521101979887107,-0.5376530415932319,-0.5446167908292843,-0.5667097318031274,-0.5523805624581468,-0.5555597399098439,-0.554196151531039,-0.5549049911972932,-0.5569213540028106,-0.5469176564266024,-0.5530210985993074,-0.5561300791267219,-0.5527118636131735,-0.5705589699748758,-0.1904524325619127,-0.5531820366136523,-0.5563888013361032
2025-09-10,-0.5806407336203887,-0.5820114488617274,-0.5977473843383319,-0.5735948810712141,-0.5854518618983373,-0.5949068787904624,-0.5747465121393844,-0.5789142853404285,-0.5953245856500569,-0.5797748551342422,-0.6149361230820175,-0.5795426332301913,-0.5685591090033684,-0.6058470969086728,-0.6154832301488016,-0.5826947347350995,-0.5813735246710903,-0.5876717469285294,-0.5796926966463084,-0.5800891669991368,-0.5583674395972901,-0.5724943565549331,-0.5965580323614197,-0.5895736212710688,-0.5860200854591827,-0.5821989415125324,-0.5829322705557064,-0.5778907562227612,-0.5750029822150179,-0.5810756849914633,-0.5835313724282816,-0.5803702077129638,-0.6072163171320746,-0.25605085540925804,-0.582426296348113,-0.5843998557608976
2025-09-11,-0.6014923556965235,-0.6044872188551188,-0.6141479140755923,-0.5921930038860709,-0.601789126349175,-0.6201953056705473,-0.5771088638304859,-0.5946684427990638,-0.6145900406737127,-0.6013612035933874,-0.6463013665476403,-0.5978898662398593,-0.5861576528240104,-0.6249901948141071,-0.6420626147657467,-0.6036615305654073,-0.6024171417610266,-0.6090416082969247,-0.6012097011801676,-0.6002787710815509,-0.5858913312550807,-0.5957001984134213,-0.6093791580318622,-0.5985219655039983,-0.6014904786798341,-0.602665431393579,-0.6047809847991862,-0.5961804926288775,-0.6047703368969413,-0.6006015567574993,-0.6028504923757735,-0.6005776072078042,-0.6208651431751315,-0.32992670025011356,-0.6021956308752654,-0.6060907733657127
2025-09-12,-0.8279343799439899,-0.8270514330141673,-0.825453623271779,-0.8170856336161383,-0.8187114235950153,-0.8334011875673937,-0.803360868411779,-0.8280621923729448,-0.8415147677871029,-0.8240384467902074,-0.860010329735249,-0.8253293263351289,-0.8160730380742529,-0.839809361871286,-0.8420793247597915,-0.8288537827904419,-0.8282584531926229,-0.8309611875036917,-0.8286079319058856,-0.8266222311809168,-0.8104470757024633,-0.8239209236363741,-0.8297117968218267,-0.8236571886673271,-0.8266354951203149,-0.828290485125992,-0.830253672998391,-0.8121260996065999,-0.8354906146447209,-0.8379321237642567,-0.8315686526226841,-0.8276154343381158,-0.8413291519802731,-0.7650039341197605,-0.8265174118873561,-0.8311539083163271
2025-09-15,-1.0284725804252384,-1.0270725037685664,-1.0106718056454609,-1.0168197649417603,-1.020073959142379,-1.0333837860489328,-1.0159936926305202,-1.0308884321827938,-1.0396565070607082,-1.0209602011997803,-1.0456083116343233,-1.024617504209339,-1.0186992197010147,-1.0354127017968306,-1.0119516133086324,-1.0269254305190172,-1.0300833934814895,-1.0245868145641968,-1.0287906607287747,-1.0227551589218307,-1.0075343613881196,-1.0200881654194185,-1.0224710207672532,-1.0282012154958982,-1.0235199761486948,-1.0286868588350213,-1.028515623870768,-1.0198127944140682,-1.0323751674716908,-1.0429793544242847,-1.0341081875054758,-1.027430723713726,-1.0355765426696637,-1.1591470804097934,-1.0269983465579693,-1.0313111581666732
2025-09-16,-0.9700878464400785,-0.9651014776224355,-0.9534975370638946,-0.9677948906536064,-0.9631793944390694,-0.9762991532548149,-0.9584247419620259,-0.9720352018402906,-0.9792297814061468,-0.9653694220185147,-1.00377461856559,-0.9662865490835246,-0.9581504726685518,-0.9697468232139044,-0.9483507678407908,-0.9670693976575806,-0.9714384548589303,-0.9632414429474747,-0.9697224375802972,-0.96602010726732,-0.954185547711664,-0.970783318279167,-0.9583768817368266,-0.9648740277025506,-0.9650732117698047,-0.9695304497661812,-0.9708480599931809,-0.9572426945398532,-0.9666413198183538,-0.9763715275189017,-0.9739374604086587,-0.969438722113742,-0.9864142063656849,-1.0824164134518315,-0.9675703950677916,-0.9715934740384706
2025-09-17,-0.9197426277726772,-0.9144482220891899,-0.9028537744805333,-0.9171009048687422,-0.9162991816660738,-0.9298540420207903,-0.909678951996403,-0.9199657730730526,-0.9232637865213815,-0.915483832793127,-0.9577671050813379,-0.9249627954257202,-0.9090790794124597,-0.9190401981031614,-0.9117961453750953,-0.9172338867794158,-0.9207485984297589,-0.9138798138394028,-0.9199698771058268,-0.9122467220166489,-0.9050525516571497,-0.9153452721582076,-0.9130074648882209,-0.9170799418581417,-0.9082485494617286,-0.9173879185700102,-0.919507262653115,-0.9136433885797437,-0.911155168810081,-0.9299756409205684,-0.9237491162824971,-0.9178945425842817,-0.9330368671334094,-0.997443472789051,-0.9116957804261677,-0.920560439972097
2025-09-18,-0.8683750541037102,-0.8647266445858183,-0.8601223212188565,-0.8648567557628182,-0.8652421969287362,-0.8709416158731527,-0.8468827410529246,-0.8616368155408748,-0.8753624007162949,-0.867605002587423,-0.9081004564261317,-0.8728821026922629,-0.8594552215724415,-0.858368712040148,-0.8626731743663173,-0.8663318944367061,-0.8690888666435992,-0.8633326920593399,-0.8690534579829756,-0.8649291363226398,-0.8480937921876761,-0.8595094280773636,-0.8608172206722652,-0.8764843573999955,-0.8578857680257663,-0.8646568236163178,-0.8691092175883984,-0.8480758606404475,-0.8604060391026078,-0.880048106174692,-0.8721486631787886,-0.8664329166796665,-0.8741133088550508,-0.9478746222806284,-0.8626908224139892,-0.8664992879291886
2025-09-19,-0.869123564015581,-0.8689134208564327,-0.8654387184716963,-0.8700616977059553,-0.8631834162323891,-0.8729486790470136,-0.8332579891062025,-0.8610403950960877,-0.8654723233523669,-0.8699479826013069,-0.8947377378503789,-0.869845792030549,-0.8569857832460556,-0.8438774137207162,-0.8567082351670181,-0.8661969089012517,-0.8694513742967559,-0.8569935992993671,-0.8674994094912091,-0.8634286354299928,-0.8476795042275954,-0.8737100465538894,-0.8664556053390767,-0.8766065289456436,-0.8611859744799917,-0.8665538393755199,-0.869280366328045,-0.8608280085462567,-0.8582435720386996,-0.8863681615503419,-0.8719427910280612,-0.8668927211715202,-0.8783818487037772,-0.9352212383415096,-0.8644199914664106,-0.8671147355713688
2025-09-22,-0.7091874621679825,-0.7153925160702868,-0.7172915786580824,-0.7129503428932478,-0.7050222726946191,-0.726790658478425,-0.6719461410597383,-0.7002781501078612,-0.7053262064336864,-0.7152565456948486,-0.7571009726087654,-0.7046048420725027,-0.6985920320303376,-0.67532551808585,-0.7005282379962489,-0.7063769069512169,-0.7103870333271244,-0.7017821963864873,-0.7084026166112347,-0.7051430604474473,-0.6954033937170989,-0.7130044750796963,-0.7156381505758904,-0.7045803348525802,-0.7006155544085787,-0.7085321390626504,-0.7120424815066305,-0.706171764564273,-0.711974418706816,-0.7282584505473381,-0.7086707109234721,-0.7085519889463358,-0.7056480635809211,-0.6550503235907561,-0.7113261574148614,-0.7078775303619396
2025-09-23,-0.7250723990908261,-0.7329269275870579,-0.7318972972824045,-0.7285143279701599,-0.7227679722187255,-0.7441314566563512,-0.6779010502282403,-0.7202697786298945,-0.7221220832575224,-0.7340292047482299,-0.7617360044771888,-0.7196801969160085,-0.713169652487799,-0.6890761266542939,-0.7187045316793522,-0.7238024865002441,-0.7246692609707264,-0.720241595761954,-0.7237724533910763,-0.7193239451624277,-0.7166157152788156,-0.7204338804562801,-0.7353729756314635,-0.7231167404668918,-0.7151191708650279,-0.7262964119527022,-0.727466903115126,-0.7266480540223816,-0.7244776982673877,-0.744691998757887,-0.7255696249299793,-0.7249014463685957,-0.7250953499298171,-0.6720679533792413,-0.7274039751025755,-0.721276759779732
2025-09-24,-0.8324417740345373,-0.839545350892039,-0.8366853269849145,-0.824631168692555,-0.8255652899301874,-0.84724764702485,-0.7914020201340023,-0.8310856592406515,-0.8328001665095365,-0.8376957435746689,-0.874223854531596,-0.8239844675905137,-0.8248801463616382,-0.8023298862930819,-0.82570565492547,-0.8308077223498048,-0.8320757831233445,-0.8216002506778338,-0.8312357214900586,-0.8305730385184606,-0.8122063407723795,-0.8376526401698242,-0.8391435725651899,-0.8234368950928914,-0.8232360564982169,-0.8320202922604147,-0.8343564620587623,-0.8354089660215601,-0.8305733052057471,-0.8430074261290768,-0.8336708682463441,-0.8322144391825199,-0.8204065116508567,-0.8653151974432811,-0.8337142864118418,-0.8302784123746315
2025-09-25,-0.9041603617384576,-0.9117138240697024,-0.9057754931582398,-0.9085251251098844,-0.9094899659259211,-0.9172197880152121,-0.8360460098284335,-0.9040240317648459,-0.9033287316920652,-0.9088958225696087,-0.9341230951732087,-0.8956269175983301,-0.8978955897764646,-0.8706360271796107,-0.8951449224672199,-0.9027617141586789,-0.9054285850244843,-0.8957603719213489,-0.9033681141619287,-0.9042645177795425,-0.884395531563057,-0.8969764228845303,-0.9089507768540498,-0.8956527843173702,-0.8951351658521798,-0.9060604626698553,-0.906583142464542,-0.9046879183038758,-0.9015949445160658,-0.9204368809423984,-0.9059783868771237,-0.904823232008959,-0.8967934015534402,-1.017024974971384,-0.9060572691320485,-0.9014353322558001
2025-09-26,-0.9034560513849272,-0.9101834851569934,-0.9130553543568329,-0.9072397174055322,-0.9020799084832382,-0.8804239460003118,-0.8561259992027674,-0.9021068286253763,-0.9011885613029387,-0.9042723035836234,-0.9334584923342258,-0.8954087280245442,-0.8947776912469543,-0.8716389249303043,-0.8929529397131156,-0.9019546729785973,-0.9032449307443888,-0.8968896892869896,-0.9018984310416976,-0.9026978183180993,-0.8728878568408902,-0.8955995038591009,-0.9108532170532201,-0.89338924379059,-0.8997499529064978,-0.9053578287378237,-0.9057866793353596,-0.8980517249471339,-0.9164637629445377,-0.9243597085212223,-0.8987139029104793,-0.903351665649848,-0.8818401278527987,-1.0469283579410844,-0.9055458112491716,-0.8989764311126339
2025-09-29,-0.8293958479490432,-0.8347830131938876,-0.8461557585007436,-0.8361758565446806,-0.8349807414882181,-0.8069830762638347,-0.797456103500869,-0.8264701345727358,-0.8147905787641577,-0.8260990011689605,-0.8643942257607818,-0.8254953821169453,-0.8242238497814495,-0.7863151020775563,-0.8180871663197242,-0.8278878224693266,-0.8289480785697327,-0.8256303446387682,-0.8272858881858621,-0.828798149355163,-0.7903638347080101,-0.8191848218384963,-0.8384063410838885,-0.8297369065293044,-0.8247884013025335,-0.8306591187495231,-0.8329031319791222,-0.826599782635751,-0.8305762769882488,-0.847249215398029,-0.8254553129354795,-0.8289314927062409,-0.830197590753937,-0.8915592530207261,-0.8330233864574964,-0.8229585343143074
2025-09-30,-0.7762766265659283,-0.7830652577628735,-0.7992654797024168,-0.7800323176490633,-0.7805904927663091,-0.7777374340901052,-0.7366957494157073,-0.7750596542001444,-0.753582489939574,-0.7767773025824187,-0.8273187452590636,-0.7759509018185754,-0.7725204133746193,-0.7332218099913986,-0.741948375648998,-0.7742162332891592,-0.775209905806505,-0.7775036037306933,-0.7723208899262067,-0.7746083847007694,-0.7285970008849153,-0.7721668325353097,-0.7857536516660121,-0.7726789467907701,-0.7644601557209351,-0.7766598318557482,-0.7807620469570319,-0.773732088085284,-0.7740569362650579,-0.7903396293158691,-0.7677125240669858,-0.7753359515920265,-0.7759101238742195,-0.7662673198309462,-0.7819898694126726,-0.7692797495858633
2025-10-01,-0.7815267654085551,-0.7892867110532608,-0.8018374354029545,-0.7877610712863297,-0.7855370021621526,-0.7918836250990476,-0.7250288521488143,-0.7800176396395854,-0.7485472562618171,-0.7850713941936617,-0.8298339232445197,-0.7782891989323053,-0.7764523155729928,-0.769555800257018,-0.7531524968941155,-0.7791982526262163,-0.7806274344278022,-0.7840441527617231,-0.77794269150286,-0.7793228740783077,-0.7319463148157084,-0.7721322414083553,-0.7934744759066537,-0.7823122212638425,-0.7648963842608757,-0.7819933314435005,-0.785890772317055,-0.7781594462809447,-0.7835725838216108,-0.7868460960872645,-0.7756265201711543,-0.7812529346563035,-0.7765886013851435,-0.7740155648109447,-0.7890082614489563,-0.7732999036679411
2025-10-02,-0.5829640930130455,-0.5907748047108944,-0.5979773654739969,-0.5921172223870782,-0.5882007854872323,-0.6041995054040202,-0.5192758200719789,-0.5826592285526413,-0.552715293184629,-0.5845578389346037,-0.6469229993754767,-0.5800610748280722,-0.5721178037434492,-0.5875968459511346,-0.5739483444055603,-0.5802898860466403,-0.5824428744236669,-0.5861617934353536,-0.5798269142828584,-0.58125387805008,-0.5635557641677859,-0.5739529490745428,-0.5981837713942305,-0.5913677152287514,-0.565173470232721,-0.5854370007518236,-0.5878257859160042,-0.5820778551552876,-0.5789019608515562,-0.5814738855920176,-0.5782937142836125,-0.5834592491634598,-0.5851313078954753,-0.4170378284766615,-0.5932043356359897,-0.5750361906947796
2025-10-03,-0.4088995062565821,-0.42079650051069833,-0.4423615882795998,-0.4222755350039293,-0.4142517739503634,-0.4417412104295916,-0.3396468318848275,-0.40905759053759005,-0.3862123898238722,-0.4094760396769515,-0.47859800706600336,-0.4027492211487211,-0.39300271244191554,-0.41864493957219906,-0.4259752875866096,-0.40607717104639257,-0.40802313011956415,-0.4127205350712495,-0.4050036491887905,-0.4064656714470442,-0.3718211567269351,-0.3988305645804184,-0.4268157497286218,-0.417523377661145,-0.3886728484796402,-0.4089110092739756,-0.41490340989289637,-0.4080293947613569,-0.3996856455655788,-0.4048393209573919,-0.402404474293373,-0.409467885549567,-0.4339574583664722,-0.09892043068750102,-0.41313373711684165,-0.3999996065772457
2025-10-06,-0.6317978789572547,-0.6443588036335575,-0.6540668896989988,-0.639171777701562,-0.634377266056143,-0.658153081706219,-0.5626038015837659,-0.6309144523785799,-0.6159821808260416,-0.6359698714736591,-0.6855024302671217,-0.6329807354359374,-0.6240073541058457,-0.6501698184937544,-0.6211470782046957,-0.6287535226530857,-0.6303847506746865,-0.6344163815923599,-0.6294136201064461,-0.6304835470427015,-0.6092373330618993,-0.6362390774664329,-0.6456471171384481,-0.6411242416488557,-0.6062644302014295,-0.6325249770726764,-0.6364195981778827,-0.6286494007093277,-0.6282563339735936,-0.6177592884280008,-0.6259178386168578,-0.6327255246027876,-0.6496813906005671,-0.4604752552861766,-0.6341046533503162,-0.6253825046220625
2025-10-07,-0.6151932579214626,-0.6251756684957435,-0.6401424901890898,-0.6220864070880144,-0.6208452237705311,-0.6406140433565848,-0.519759433578554,-0.6094519740822183,-0.5990794425398075,-0.6174191182764437,-0.6719267714139344,-0.6109870333104264,-0.6050227510897181,-0.6305922591581546,-0.6051098066185433,-0.6116735443685981,-0.6116080020226937,-0.6150310582018427,-0.6116959333843738,-0.6122539962363028,-0.5965937702238384,-0.6196343756670661,-0.6224664529903574,-0.6270976014359624,-0.5907301746945263,-0.616439165321765,-0.6198009599447241,-0.6005090345146981,-0.614832792433005,-0.6062435677855881,-0.6096471729576538,-0.6160410530518052,-0.6452594468836703,-0.4303238816127302,-0.6191533864215018,-0.6092778097474985
2025-10-08,-0.6726699792407711,-0.6805835619087102,-0.6919725721306016,-0.6789781683786993,-0.676540046399034,-0.6975137152249559,-0.5815126439640781,-0.6720645771638378,-0.6499788315743695,-0.6725151722805416,-0.7218961199254007,-0.6744570287072714,-0.6604827507578205,-0.6913546567539169,-0.6522330224436061,-0.669859011560721,-0.6690142931232641,-0.673319718321175,-0.6693788387841764,-0.6699023962602562,-0.6451685472898859,-0.6836932993150089,-0.6732856381397733,-0.6847279396757372,-0.6515938809839346,-0.6735394355308433,-0.6770430423187366,-0.6619698728716286,-0.6728003818265734,-0.6627820349201231,-0.668225048860094,-0.6724539765952221,-0.6990393425753885,-0.5500584798193694,-0.6766496967893135,-0.6654559475768048
2025-10-09,-0.7238799718756508,-0.7312060181682347,-0.7380991219075547,-0.7321364917698675,-0.7292937537470271,-0.7495266245830491,-0.6376363256970291,-0.7147817485693498,-0.6949253508870935,-0.7292692761017472,-0.776417424950404,-0.7280833918284465,-0.7132764231254697,-0.7353931601787328,-0.7288847468863041,-0.7224899675703556,-0.7220953609848558,-0.7248101978320494,-0.7224868401724028,-0.723174015547457,-0.7006753538851691,-0.736152665059927,-0.7199763269938366,-0.7270416216182862,-0.7064918672405744,-0.7264488250429992,-0.7298180469742398,-0.7212955039061706,-0.7331236041463748,-0.7125781734980479,-0.721849428178024,-0.7253420523430403,-0.743327760007237,-0.6426273562110055,-0.7296628341199887,-0.7199177666293146
2025-10-10,-0.8442872556692435,-0.8473404545738089,-0.863680321038576,-0.8542233644175249,-0.844678656592987,-0.8663289749400407,-0.7591213757286202,-0.8382715636319402,-0.8047887380358857,-0.8488006426974427,-0.8750211869605543,-0.8458787293350603,-0.8395028259873013,-0.8365078377874182,-0.8324934458163565,-0.8426098619322936,-0.8425760707654216,-0.8476229770758708,-0.8424313897731868,-0.8442137812880747,-0.8153942185497233,-0.8562722751138825,-0.832707637477702,-0.8519567361457555,-0.8298855942422463,-0.8466653689501582,-0.8502073213090604,-0.8424917703472803,-0.8522841575373211,-0.8360624866875671,-0.844747369877243,-0.8467841940413262,-0.8636334566794293,-0.9033144029147857,-0.8514454660736546,-0.8401679528908748
2025-10-13,-0.8556599942017089,-0.8635928463221985,-0.8716491673894393,-0.8649152705911589,-0.8604577886061096,-0.8435787810718836,-0.7849913553798203,-0.8495516057861734,-0.8179121099226401,-0.860814299135969,-0.8980206467015601,-0.8591882933358639,-0.8538198869069568,-0.8497005366338609,-0.8406003493713446,-0.8549366261490484,-0.8532274829700242,-0.8616919856979379,-0.8539223368567164,-0.855310196457109,-0.8171797413072557,-0.8532801426329356,-0.8460026976718437,-0.8571860630915938,-0.8402077046941827,-0.8578672518010745,-0.8625281182869353,-0.8495687619488806,-0.8632956022842154,-0.8488370026793568,-0.8588897234429671,-0.8592497913925141,-0.8619305707870558,-0.9567319910380193,-0.8641465102344764,-0.8508935005329503
