symbol,mean_volume,outstanding_shares
SHB,99889980.42168675,4593.7
HPG,66594092.4939759,7675.5
SSI,50501722.65060241,2075.9
VIX,45981977.10843374,1531.4
VPB,44645540.96385542,7933.9
VND,36129832.4939759,1522.3
MBB,34931850.18072289,8055.0
SHS,34864150.60240964,899.5
CII,32390404.25301205,624.9
TPB,31465392.77108434,2642.0
DXG,27747922.891566265,1018.9
DIG,27563039.69879518,796.4
CEO,24886892.95180723,567.4
PDR,24852493.04819277,979.8
NVL,24794632.53012048,2047.6
TCB,23710490.30120482,7086.2
HDB,20268440.963855423,3844.3
ACB,18164962.65060241,5136.7
EVF,17770986.74698795,760.6
MSB,17540721.51807229,3120.0
NKG,17524657.8313253,447.6
VSC,16160784.337349398,374.4
VIB,15918864.337349398,3404.0
EIB,15781020.481927712,1862.7
HCM,15634248.686746988,1080.0
HAG,15379991.56626506,1267.4
HHV,15256616.831325302,497.4
VCG,14431919.277108435,646.5
GEX,14363795.024096385,902.4
POW,13428151.807228915,2341.9
VCI,13138663.855421687,722.6
KHG,12654932.530120483,449.4
BSR,11852126.132530121,3100.5
STB,11163771.08433735,1885.2
MSN,10887461.445783133,1445.9
CTG,10866364.21686747,5370.0
HSG,10674478.313253012,621.0
TCH,10535941.168674698,868.7
BCG,10480298.529411765,880.2
FPT,10381364.08433735,1703.5
HQC,10037327.710843373,576.6
SCR,9333551.807228915,430.6
MWG,9218389.096385542,1478.5
KBC,8723506.024096385,941.8
DBC,8517491.048192771,384.9
MBS,8468510.746987952,658.7
OCB,8075776.421686747,2663.1
ORS,7911732.530120482,336.0
VCB,7865284.3132530125,8355.7
HHS,7828118.072289157,432.0
BID,7725746.819277109,7021.4
LDG,7673569.879518072,255.6
PVD,7503107.843373494,555.9
HDC,6850500.0,178.4
KDH,6701460.542168675,1122.2
ABB,6558050.602409638,1035.0
HDG,6491150.602409638,370.0
BVB,6246728.915662651,640.8
PVS,6035442.168674699,478.0
IJC,5701705.530120482,629.6
LCG,5537562.108433735,206.6
VNM,5525372.457831325,2090.0
PC1,5144425.301204819,357.6
DPM,4850702.795180723,679.9
HNG,4809769.879518072,1108.6
DCM,4802314.65060241,529.4
DLG,4726442.168674699,299.3
DXS,4639253.012048192,579.1
FTS,4587655.421686747,346.5
BCR,4581088.235294118,473.8
ANV,4572747.746987952,266.3
VDS,4438253.012048192,272.0
HUT,4190163.8192771086,1068.3
GVR,4184274.698795181,4000.0
YEG,4076409.638554217,191.8
HPX,3976662.6506024096,304.2
NLG,3886099.1325301207,485.2
PVT,3828808.43373494,469.9
HBC,3801253.012048193,347.2
LPB,3773934.939759036,2987.3
BAF,3712854.2168674697,304.0
MST,3696460.1566265062,83.6
FCN,3428746.987951807,157.4
CTS,3372344.578313253,212.7
AAA,3289610.8433734938,393.7
GMD,3235479.987951807,426.5
KSB,3219150.6024096385,114.4
HAH,3214280.638554217,168.9
EVG,3203659.0361445784,215.2
VFS,3151059.2168674697,140.0
SSB,3076125.301204819,2845.0
SBS,3019683.1325301207,146.6
NTL,2768003.6144578313,122.0
PVX,2731447.0588235296,400.0
IDJ,2714324.0963855423,173.5
AAS,2651514.4578313255,230.0
DGW,2646836.1445783135,221.2
MSR,2544687.951807229,1099.8
IDC,2538362.373493976,379.5
VOS,2523174.1807228914,140.0
DPG,2510615.6626506024,100.8
HAX,2326360.2409638553,107.4
VJC,2310245.7831325303,591.6
VPI,2251460.2409638553,320.0
NAB,2246681.4698795183,1715.7
PET,2233103.6144578313,106.7
DGC,2219416.8674698793,379.8
TCD,2200898.529411765,335.8
C4G,2165021.686746988,357.3
APS,2145455.421686747,83.0
IDI,2117372.2891566264,273.2
PLX,2102293.9759036144,1270.6
SZC,2099052.108433735,180.0
TTF,2080574.6987951808,393.5
BGE,2041458.8235294118,730.0
TIG,2002531.3253012048,193.6
QCG,1980826.5060240964,275.1
AGR,1958138.5542168675,228.3
TCM,1937206.0240963856,112.0
ASM,1920318.3373493976,407.2
PVC,1919968.6746987952,81.2
POM,1918605.8823529412,278.5
AAH,1914154.21686747,117.9
PAN,1831804.469879518,208.9
VTZ,1820707.2289156627,76.2
BSI,1789003.6144578313,245.4
FIT,1762695.1807228916,339.9
VGS,1754612.4457831325,61.5
VAB,1751089.3333333333,816.4
NT2,1724309.7710843373,287.9
VGC,1719448.1927710844,448.4
VHC,1712882.0481927712,224.5
CTI,1704980.7228915663,63.0
HVN,1683543.373493976,3111.5
GEG,1627266.2650602409,358.3
OIL,1589203.2048192772,1034.2
DDV,1538704.8192771084,146.1
DRH,1525063.8554216868,123.7
TNG,1506929.5060240964,128.7
VGT,1442337.3493975904,500.0
DFF,1420526.582278481,80.0
NRC,1386192.7710843373,92.6
DC4,1336224.096385542,95.3
SBT,1311615.6626506024,855.1
CMG,1310934.939759036,211.7
DSE,1303503.6144578313,342.6
CSV,1282272.2891566264,110.5
VHG,1273192.7710843373,150.0
BOT,1261111.7647058824,59.2
SAM,1260045.78313253,380.0
HAR,1245869.8795180724,95.7
CSM,1229797.5903614457,103.6
AGG,1219351.8072289156,162.5
LIG,1205304.8192771084,94.2
TDC,1204715.6626506024,127.2
CTD,1165285.5421686748,101.4
HT1,1129692.7108433736,381.6
OGC,1121085.5421686748,300.0
DL1,1116134.939759036,106.2
SAB,1113430.4939759036,1282.6
HTN,1111624.096385542,89.1
G36,1094778.313253012,103.7
NHA,1080491.5662650603,48.6
ACM,1075358.8235294118,51.0
CRC,1072851.8072289156,68.4
NVB,1069085.5421686748,1924.6
CRE,1033730.1204819278,463.7
API,963419.2771084338,84.1
DTD,961268.6746987952,66.7
ELC,960095.7710843374,110.1
MZG,954622.9397590362,116.5
GAS,928154.3253012048,2412.9
APG,926075.9036144578,223.6
LAS,925592.265060241,112.9
GIL,923583.1325301204,101.6
REE,884557.8313253012,541.7
DRI,863085.686746988,73.2
GEE,853937.4337349398,366.0
BVS,848146.9879518072,72.2
VC3,825374.2771084338,136.4
FID,812952.9411764706,24.7
NDN,792287.951807229,71.7
IPA,788050.6024096386,213.8
VPG,777081.9277108434,88.4
VTP,775533.1204819278,121.8
QBS,766652.9411764706,69.3
TSC,757010.843373494,196.9
BII,750041.1764705882,57.7
ACV,749857.1445783132,3582.3
VC7,748055.421686747,96.1
TCI,748045.7831325302,115.6
TAL,736881.7866666666,360.0
PNJ,733363.8795180722,341.1
ITC,729159.0361445784,95.9
TLH,721468.6746987952,112.3
LMH,717870.5882352941,25.6
TVN,716489.156626506,678.0
DPR,715622.9277108434,86.9
EVS,714477.108433735,164.8
NAG,712192.7951807228,38.6
KVC,703319.2771084338,49.5
JVC,702740.9638554216,112.5
MBG,701463.8554216868,120.2
VIG,700573.4939759036,45.1
TTA,697303.6144578314,170.1
AAV,692550.6024096386,69.0
GKM,691587.1428571428,31.4
PPC,687919.2771084338,320.6
KLB,686189.7108433734,578.4
HSL,679030.1204819278,38.6
TVC,677196.3855421686,110.6
NAF,669929.1204819278,61.2
VC2,666793.9759036144,68.8
DRC,665902.2530120482,154.4
TDH,659357.8313253012,112.7
BFC,655096.3855421686,57.2
VEA,645644.578313253,1328.8
VGI,642298.626506024,3043.8
PAC,615098.2891566266,69.7
DCL,613156.626506024,73.0
SMC,612536.1445783132,73.6
BVH,611321.686746988,742.3
TNI,609868.6746987952,52.5
FRT,603498.2409638554,170.3
C69,602842.1686746988,61.8
PLC,582379.5180722892,80.8
PSI,579766.265060241,59.8
IVS,577911.6987951808,104.9
SIP,572259.7710843374,242.1
CTR,568524.9397590362,114.4
PXL,565512.048192771,176.0
TV2,559648.1927710844,67.5
DVM,535822.6385542168,47.1
VTO,522192.7710843373,79.9
FIR,516260.9518072289,70.7
BMI,513322.2530120482,150.5
LSS,506468.6746987952,85.7
BMS,498939.7590361446,78.9
SGR,492387.9518072289,69.9
VNE,490995.1807228916,82.1
CDC,484541.7590361446,52.8
CVN,484282.35294117645,29.7
MHC,480921.686746988,43.5
SRA,480600.0,43.2
APH,479071.0843373494,243.9
PHR,478896.9397590361,135.5
DVG,477252.9411764706,28.0
BCM,473113.2530120482,1035.0
DAH,469120.4819277108,84.2
HTP,468517.64705882355,91.8
CCL,461980.7228915663,59.6
DCS,459147.0588235294,60.3
L14,450032.5301204819,30.9
DDG,446606.0240963855,79.8
ABW,442638.5542168675,101.2
KDC,421845.7831325301,289.8
DHC,419957.2771084337,96.6
MCH,399599.9036144578,1056.7
QTP,398827.2289156627,450.0
TCO,396583.1325301205,31.3
MIG,392621.1325301205,211.5
CMX,381645.7831325301,101.9
SHI,381402.3855421687,169.9
MSH,380219.2771084337,112.5
S99,376374.0963855422,104.1
CTF,375233.0963855422,95.7
SCS,374400.843373494,94.9
DGT,373512.0481927711,79.0
DIC,369382.35294117645,26.1
CEN,369376.4705882353,21.7
ABS,368107.2289156627,80.0
TTH,367157.8313253012,37.4
PVL,367041.17647058825,50.0
LTG,362411.76470588235,100.7
ST8,359308.4337349398,25.7
SVN,355556.6265060241,21.0
LGL,352614.4578313253,51.5
TLD,349850.6024096386,77.7
TVS,348728.7228915663,200.4
KOS,343807.2289156627,216.5
PFL,337979.5180722892,50.0
HNM,336588.9397590361,44.4
LCM,332300.0,24.6
NTP,329718.8313253012,171.0
VIP,327673.4939759036,68.5
TNH,326317.1445783133,165.8
FTM,319947.0588235294,50.0
TAR,318905.8823529412,78.3
DXP,314611.0843373494,59.9
NBB,309208.4337349398,100.2
ITQ,301021.686746988,31.8
PV2,300896.3855421687,36.9
VHE,296901.2048192771,33.1
HID,294750.6024096386,76.8
SKG,283716.8674698795,66.5
VTD,282051.8072289157,24.0
MML,275359.0361445783,340.3
HHG,274467.4698795181,34.9
DSC,270616.6024096386,275.0
PXS,267594.1176470588,60.0
HVH,259420.48192771085,43.5
MCG,259224.09638554216,52.1
SDA,258817.64705882352,26.2
BCC,246478.31325301205,123.2
TNT,244455.421686747,51.0
VPH,242061.44578313254,95.4
AGM,241970.58823529413,18.2
TLG,240760.2409638554,87.8
CKG,236528.9156626506,161.8
MPC,235901.2048192771,401.1
LHG,235791.7951807229,50.0
HHP,232439.7590361446,86.6
CIG,225726.5060240964,51.0
BKG,224557.8313253012,71.6
ATG,221623.5294117647,15.2
NHH,221125.3012048193,113.0
PHC,219138.55421686746,50.7
ADS,217112.0481927711,76.4
BIC,214729.6987951807,202.1
PPT,213295.18072289156,19.6
RYG,211031.3253012048,45.0
PHP,206765.80722891566,327.0
BNA,206112.0481927711,31.2
LSG,203120.48192771085,90.0
PTL,202493.97590361445,100.0
VST,200423.5294117647,69.0
CTX,199273.4939759036,78.9
NO1,198201.2048192771,24.0
TVB,197681.92771084336,112.1
PAS,197290.24390243902,28.0
VLC,196037.34939759035,212.5
C47,195975.90361445784,36.3
BWE,195290.36144578314,219.9
AVG,191877.10843373495,17.7
TTN,191787.9518072289,36.7
PSD,191219.27710843374,51.8
PVP,186873.4939759036,103.7
TL4,186431.25,15.3
TIP,183142.96341463414,65.0
VCS,180949.39759036145,160.0
GDA,177163.09638554216,149.1
SBG,172840.9638554217,50.0
QNS,171677.34939759035,367.6
HSV,168885.5421686747,15.7
SGP,167104.81927710844,216.3
HKB,165282.35294117648,51.6
TEG,164675.90361445784,120.8
HTI,163316.8674698795,24.9
HAP,162516.8674698795,110.9
TDP,160356.0975609756,88.2
VKC,160288.23529411765,19.3
FCM,159548.19277108434,46.2
PXI,157994.11764705883,30.0
SJD,156997.93975903615,69.0
TRC,156394.68674698795,30.0
KSQ,153052.43902439025,30.0
BCE,150296.34146341463,35.0
HBS,147552.85714285713,33.0
PTB,146721.26506024096,66.9
L40,146480.72289156626,10.8
PGN,146093.97590361445,9.5
AMS,145120.73170731709,60.0
BMP,142724.09638554216,81.9
CLX,141789.31325301205,86.6
MVC,140172.7831325301,100.0
CMS,139912.0481927711,25.5
PVB,139171.0843373494,21.6
VBB,137681.26506024096,821.0
FOX,135603.61445783134,738.8
D2D,133815.6626506024,30.3
PVV,133582.35294117648,30.0
HII,131890.36144578314,73.7
GGG,127100.0,29.4
PCH,126779.1204819277,25.4
DHA,124696.69879518072,14.7
VNB,124250.60240963855,67.9
MPT,123247.05882352941,17.1
HVA,122683.13253012048,13.7
VNH,122629.41176470589,8.0
IMP,121026.50602409638,154.0
PLP,116506.02409638555,70.0
ATA,111047.05882352941,12.0
DST,110578.31325301205,32.2
G20,109962.5,14.4
FMC,109920.48192771085,65.4
PIV,107536.58536585367,17.3
BMC,107452.40963855422,12.4
CTP,106859.03614457832,12.1
GSP,105069.93975903615,67.5
AAT,104607.22891566265,70.8
NED,103869.8795180723,40.5
AFX,103742.1686746988,35.0
DTI,102953.01204819277,13.5
ICT,100920.48192771085,32.2
PXT,100782.35294117648,20.0
SJE,100712.68674698795,40.0
MEC,96112.5,8.4
GPC,95469.8795180723,54.1
NSH,94603.61445783133,20.7
WSS,94218.07228915663,50.3
TDG,93933.73493975903,24.2
SJS,93708.19277108433,297.5
CT3,93700.0,8.8
SDD,91635.29411764706,16.0
SCI,90468.67469879518,30.5
NBC,90095.7469879518,37.0
HCD,88854.87804878049,37.0
LDP,88810.9756097561,13.3
DBD,87316.51807228915,94.5
SHN,82453.01204819277,129.6
ABI,79853.30120481928,101.3
BIG,79183.75903614458,16.0
HLD,78432.9268292683,55.0
EVE,78037.34939759035,42.0
SVD,78009.63855421687,27.6
PVG,77726.50602409638,40.0
HU4,75948.19277108433,15.0
VTR,75757.65060240965,57.3
ALV,75512.07228915663,9.6
PGB,75095.69879518072,1000.0
MFS,72903.61445783133,7.1
TD6,72689.34939759035,61.9
L18,72177.10843373495,45.7
VLB,71460.90361445783,46.7
DVN,71359.4578313253,237.0
ASP,71116.86746987952,37.3
KCB,70571.84337349398,8.0
VVS,70376.0,21.5
VTV,70267.46987951807,31.2
PCG,70206.25,18.9
PSB,70100.0,50.0
SGT,69879.51807228915,148.0
CDO,69482.35294117648,31.5
PVR,69041.17647058824,51.9
HOM,68277.77777777778,72.0
KHP,67289.15662650602,60.4
CSC,66696.36144578313,41.1
VE9,66203.70370370371,12.0
THG,65083.132530120485,31.1
VRC,64742.68292682927,50.0
CNG,64702.409638554214,35.1
LIX,64532.530120481926,64.8
ABC,63875.60975609756,20.4
PTC,63036.14457831325,32.2
PVE,62752.94117647059,25.0
OCH,62627.7108433735,200.0
TDT,62275.134146341465,23.9
BKC,61333.96385542169,23.5
STH,58453.01204819277,19.5
BVG,57105.882352941175,9.8
DTA,55437.5,18.1
SDT,55403.65853658537,42.7
VCP,54657.8313253012,83.8
RIC,54177.10843373494,70.4
CET,53571.875,6.1
NNC,52435.469879518074,21.9
DDB,51667.469879518074,12.0
XMC,51567.469879518074,71.4
STK,51440.96385542169,96.6
ITD,50952.78048780488,26.2
BDT,50896.34146341463,38.6
HD6,50887.951807228914,15.1
TV1,50789.156626506025,26.7
PSW,50191.9156626506,17.0
VPC,50100.0,5.6
ILA,49789.156626506025,19.6
LAI,49067.743902439026,27.4
GDT,48492.68292682927,24.7
TCL,47606.02409638554,30.2
HSI,47088.23529411765,9.9
HUB,46898.15853658537,30.2
LCS,46741.17647058824,7.6
VRG,46681.72289156626,25.9
PBC,46274.19512195122,116.7
CST,46112.19512195122,42.8
HDA,46062.19512195122,27.6
LHC,46030.12048192771,14.4
CHP,45972.57831325301,146.9
NCG,45616.867469879515,119.8
PXA,45429.41176470588,15.0
HVT,45195.12195121951,27.5
BTS,44795.12195121951,123.6
ECO,44701.20481927711,20.0
ACL,44480.48780487805,50.2
VMS,43625.0,9.0
PXM,43311.76470588235,15.0
MCM,43310.843373493975,110.0
BLF,43213.63636363636,11.5
VNP,43132.530120481926,19.4
CLL,42923.14457831325,34.0
VEC,42778.31325301205,43.8
MTA,42007.22891566265,110.1
TA9,41723.54878048781,12.4
SGB,41489.156626506025,338.8
TRV,40904.819277108436,130.4
ONW,40900.0,2.0
UDC,40543.3734939759,34.7
PVI,39351.50602409639,234.2
KSV,39075.361445783135,200.0
TIS,38931.32530120482,184.0
FCS,38644.186046511626,29.5
PVH,38429.41176470588,21.0
KMR,38406.02409638554,56.9
CCC,38040.96385542169,40.3
SRB,37595.06172839506,8.5
APP,36608.53658536585,4.7
VFG,36552.80722891566,41.7
BTP,36497.560975609755,60.5
LBM,36042.68292682927,40.0
SAS,35285.56626506024,133.5
VCA,35036.14457831325,15.2
TVD,34109.756097560974,45.0
DHM,33918.072289156626,34.5
PDV,32828.134146341465,66.1
VPS,32102.439024390245,24.5
HTG,32089.156626506025,36.0
VNS,32034.939759036144,67.9
ANT,31786.746987951807,24.0
PGV,31686.746987951807,1123.5
HVX,31473.493975903613,41.5
DCT,31400.0,27.2
EIN,31187.5,45.4
SAV,30291.13924050633,26.0
SHA,30272.698795180724,35.1
PGC,30189.722891566264,60.3
ACC,29350.617283950618,105.0
TSA,28950.0,40.4
PAT,28940.963855421687,25.0
SVT,28753.39024390244,17.3
ICN,28639.734939759037,30.6
KSF,28481.927710843374,899.8
SD6,28347.058823529413,34.8
TN1,28132.566265060243,60.1
MGC,27984.33734939759,10.8
C92,27776.829268292684,5.3
TOS,27652.795180722893,45.0
PVY,27494.117647058825,59.5
IDV,27017.073170731706,41.2
SCG,26701.204819277107,85.0
TDS,26437.349397590362,12.2
TNS,26411.764705882353,20.0
BAB,26402.70731707317,1003.2
DTL,26221.951219512193,60.6
MCO,26164.634146341465,4.1
LUT,26073.333333333332,15.0
TMT,26004.819277108432,36.9
SCL,25998.939759036144,30.4
PVO,25934.0843373494,8.9
SGN,25739.75903614458,33.5
KHS,25577.10843373494,13.9
CAP,25566.265060240963,15.3
GHC,25360.156626506025,47.7
VLF,25100.0,12.0
VGR,24931.847222222223,82.2
THT,24790.123456790123,24.6
HND,24709.048192771083,500.0
PSP,23978.11267605634,40.0
HMR,23869.87951807229,5.6
BTH,23836.14457831325,25.0
VNR,23613.85542168675,200.6
HLC,23562.025316455696,25.4
HWS,23280.31325301205,87.4
PPH,22960.24096385542,74.7
CSI,22596.385542168675,16.8
DID,22515.189873417723,15.6
NBP,22513.043478260868,12.9
SMB,22435.743902439026,29.8
LTC,22305.882352941175,4.6
VEF,22204.67469879518,166.6
DQC,21852.439024390245,27.6
TYA,21786.98795180723,30.7
MLS,21550.0,4.0
VMD,21230.0,15.4
DS3,21229.87012987013,10.7
UDJ,21213.397590361445,16.5
JOS,21194.117647058825,15.0
BVL,21115.182926829268,89.4
SBA,20976.829268292684,60.5
VC9,20841.975308641977,16.7
UCT,20700.0,5.3
ECI,20461.53846153846,1.8
SCJ,20141.02564102564,57.8
THD,20016.86746987952,385.0
VSH,19721.78313253012,236.2
ICG,19696.153846153848,17.6
CKA,19639.55421686747,3.3
FOC,19568.67469879518,18.4
ODE,19540.963855421687,10.0
VOC,19400.0,121.8
GSM,19185.51851851852,28.6
LM3,19171.428571428572,5.2
MDC,19019.64197530864,21.4
VSE,18905.0,8.9
ADG,18691.35802469136,21.4
VNF,18432.926829268294,31.7
TV3,18327.117647058825,9.5
TST,18086.666666666668,4.8
RCL,17968.08108108108,14.1
VCR,17967.647058823528,210.0
GMC,17888.235294117647,33.0
MIC,17700.134146341465,8.5
SJM,17478.43137254902,5.0
BLI,17429.87012987013,60.0
HU3,17378.87323943662,10.0
AST,17291.78313253012,45.0
VTA,17291.780821917808,8.0
DNL,17233.333333333332,4.3
TEL,17037.14285714286,5.0
ACG,17021.68674698795,150.8
HIO,16937.037037037036,21.0
SD9,16890.0,34.2
DXV,16777.5,9.9
HMC,16760.493827160495,27.3
DVP,16698.12048192771,40.0
CAD,16670.58823529412,20.8
SWC,16539.16049382716,67.1
TID,16514.234567901236,200.0
DP3,16495.121951219513,21.5
PMB,16487.076923076922,12.0
MNB,16389.953125,20.0
SSH,16285.507246376812,375.0
TS3,16140.90909090909,3.9
VID,16099.3875,40.8
LIC,15923.170731707318,90.0
CQN,15901.204819277109,75.0
CDR,15816.89156626506,2.1
DHG,15768.674698795181,130.7
HTV,15707.28205128205,13.1
XPH,15657.831325301206,13.0
TCT,15601.048192771084,12.8
CDN,15520.240963855422,99.0
MCP,15505.89156626506,19.9
NOS,15411.764705882353,19.5
ITS,15379.609756097561,26.5
YBM,15282.051282051281,14.3
SD5,15277.777777777777,26.0
SBD,15268.421052631578,13.9
ADP,15131.69512195122,23.0
PTV,15086.41975308642,20.0
VMG,15062.5,9.6
AIG,15043.75,170.6
TPC,15022.857142857143,22.5
PRT,15015.58024691358,300.0
VE1,14803.703703703704,5.9
VDP,14725.675675675675,22.1
HCC,14645.373493975903,6.5
TAB,14634.782608695652,6.5
VGP,14559.036144578313,7.8
HTT,14552.941176470587,20.0
DNA,14469.333333333334,56.3
SZB,14374.346153846154,30.0
PDB,14342.168674698794,8.9
ABT,14316.867469879518,11.8
VNL,14273.759036144578,14.1
PVM,14252.5,38.6
CAT,14125.518518518518,9.2
SED,14068.75,9.3
GCB,14065.116279069767,4.0
RAL,13771.963855421687,23.5
MCF,13727.631578947368,10.8
DHT,13594.698795180722,90.6
VSF,13568.674698795181,500.0
VPD,13554.216867469879,106.6
PGD,13496.012345679012,99.0
SBB,13386.842105263158,87.5
SDP,13282.35294117647,11.1
C32,13261.25,15.0
VLG,13206.277108433735,14.2
PWA,13160.0,10.0
NS2,13135.780487804877,56.8
VCC,13070.886075949367,24.0
BSH,12994.736842105263,18.0
SZL,12933.0625,27.3
BRC,12867.397590361446,12.4
NXT,12851.28205128205,6.6
FIC,12817.283950617284,127.0
SGS,12766.666666666666,14.4
PRE,12641.525,104.4
PCF,12612.658227848102,3.0
BCA,12530.12048192771,50.0
KDM,12462.19512195122,7.6
NCT,12222.89156626506,26.2
HU6,11866.101694915254,7.5
PBP,11848.927710843374,4.8
TOT,11764.16,9.2
CIP,11591.176470588236,4.5
CMI,11576.470588235294,16.0
APF,11547.30487804878,32.7
VMC,11533.333333333334,26.1
TCW,11491.463414634147,20.0
DIH,11472.216867469879,6.9
THM,11423.076923076924,12.2
DAT,11373.333333333334,69.2
TTC,11350.632911392406,5.9
HTE,11309.756097560976,22.6
SMT,11280.671052631578,6.6
BQB,11190.54054054054,5.8
SD3,11130.76923076923,16.0
VTB,11127.0,10.8
CAR,11075.0,5.6
ONE,11072.839506172839,7.9
DHB,11070.731707317073,272.2
CNT,11069.135802469136,65.4
TTG,11067.5,3.4
PSE,10994.444444444445,12.5
SRF,10979.268292682927,33.8
BRR,10856.661971830987,112.5
PTM,10844.117647058823,32.0
UNI,10841.538461538461,42.6
SVC,10827.375,93.3
ICF,10726.315789473685,12.8
CIA,10628.915662650603,18.7
PGI,10589.61038961039,110.9
CC1,10577.631578947368,397.9
SSG,10265.853658536585,5.0
SHG,10082.35294117647,27.0
HPD,9936.25,8.3
NFC,9892.753623188406,15.7
KGM,9872.289156626506,25.4
PCE,9846.20987654321,10.0
TLI,9829.23076923077,3.0
POS,9825.93670886076,46.0
TIN,9794.666666666666,91.2
BTB,9767.213114754099,7.7
DSN,9582.926829268292,12.1
TXM,9522.077922077922,7.0
TDM,9517.721518987342,111.1
VNG,9401.26582278481,97.3
DBT,9347.7,22.0
NDX,9339.70588235294,9.6
PJT,9292.356164383562,24.9
BGW,9220.0,18.1
IFS,9209.038961038961,87.1
VTK,9184.469879518072,9.4
CBS,9175.609756097561,5.3
MVB,9108.75,105.0
SRC,9084.285714285714,28.1
BHN,9074.683544303798,231.8
BTN,9037.5,4.4
VSI,8985.507246376812,13.2
PIC,8883.675,33.3
TSD,8880.0,1.3
TT6,8845.903614457831,22.8
HNP,8800.0,5.0
QPH,8726.626506024097,18.6
SLS,8678.216867469879,9.8
AAM,8644.578313253012,10.5
QNC,8614.473684210527,59.9
DRG,8597.368421052632,155.8
GLT,8581.944444444445,9.3
CMT,8535.802469135802,7.3
TV4,8523.58024691358,19.8
MTL,8483.076923076924,6.0
SCD,8473.333333333334,8.5
NET,8403.573170731708,22.4
VHD,8403.174603174602,38.0
NCS,8342.1875,17.9
TUG,8318.897435897436,5.4
PSL,8293.23076923077,11.8
HJC,8237.931034482759,12.9
ILS,7964.814814814815,36.0
PCT,7937.5,50.0
HU1,7923.333333333333,10.0
LAF,7902.5641025641025,15.2
LPT,7832.822784810127,12.0
SHP,7745.926829268293,101.2
HDM,7744.1558441558445,20.1
BWS,7740.277777777777,100.0
PTI,7723.529411764706,120.6
SNZ,7701.456790123457,376.5
TVM,7700.0,2.4
VSM,7671.830985915493,5.0
HPT,7639.086419753086,11.4
BDG,7450.735294117647,24.8
SLD,7448.387096774193,78.6
VNC,7319.5609756097565,21.0
BHC,7318.181818181818,4.5
UIC,7287.5,8.3
TTL,7252.380952380952,41.9
V21,7233.846153846154,12.0
TMB,7206.25,15.0
HAC,7201.515151515152,29.2
VTE,7128.0,15.6
CDP,7090.0,18.2
SB1,7009.027027027027,10.5
CLH,6993.90243902439,12.0
RTB,6987.5,87.9
SD2,6955.813953488372,14.4
ILB,6920.698795180723,38.2
L61,6892.307692307692,7.6
DMS,6890.909090909091,4.0
FDC,6888.888888888889,38.6
ND2,6811.1325301204815,50.0
KSD,6778.846153846154,12.0
SHE,6778.025316455696,15.0
BSL,6748.936170212766,45.0
MTG,6711.428571428572,10.5
VIF,6704.317073170731,350.0
DDN,6692.105263157895,16.1
MVN,6683.950617283951,1200.6
EFI,6614.814814814815,10.9
VSG,6508.333333333333,11.0
M10,6456.819277108434,31.8
BSA,6394.280487804878,66.9
SZE,6339.2,30.0
VIW,6329.545454545455,58.0
PRC,6293.481927710844,3.1
DTT,6251.071428571428,8.2
PTS,6246.428571428572,5.6
VIH,6242.105263157895,5.6
NDT,6230.555555555556,15.6
HNA,6218.283950617284,235.2
MAC,6131.944444444444,22.7
HGM,6129.024096385542,12.6
NBE,6095.890410958904,5.0
L45,6023.529411764706,4.8
DRL,6003.3975903614455,9.5
NST,6000.364864864865,11.2
SDY,5976.923076923077,4.5
HAV,5967.241379310345,3.3
PHH,5881.818181818182,18.1
SBL,5868.8421052631575,12.0
DSH,5846.756097560976,35.0
HMS,5845.085365853659,10.9
BSQ,5836.0,45.0
VCX,5757.777777777777,26.5
NVT,5696.0526315789475,90.5
QTC,5689.191780821918,2.7
MKP,5674.242424242424,25.3
ISH,5603.051948051948,45.0
VE8,5593.333333333333,1.8
SGI,5589.6551724137935,75.5
HAN,5451.25,141.0
VWS,5400.0,3.6
KHD,5368.5875,3.3
SAC,5355.0,4.0
BHP,5334.6557377049185,9.2
DNW,5331.578947368421,120.0
SMA,5319.642857142857,20.4
PIT,5294.93670886076,14.2
C21,5250.0,18.1
DDM,5231.25,12.2
BSP,5195.918367346939,12.5
SBV,5185.915492957746,27.3
VIN,5181.818181818182,25.5
HMH,5150.0,13.2
S12,5130.0,5.0
CPI,5123.529411764706,36.5
MBT,5118.421052631579,3.8
ABR,5072.621951219512,20.0
GMH,5060.810810810811,16.5
CAG,5010.126582278481,13.8
QCC,5000.0,1.3
BCF,4991.946428571428,38.0
SFG,4974.666666666667,47.9
ACE,4928.06329113924,3.1
X20,4921.473684210527,17.3
EID,4880.487804878048,15.0
MTS,4875.675675675676,15.0
VSN,4861.592592592592,80.9
VNI,4839.506172839506,10.4
CLC,4815.463768115942,26.2
TVT,4804.0,21.0
AGF,4793.75,28.1
MDF,4761.363636363636,55.1
SEA,4755.820512820513,125.0
POT,4746.4625,19.4
E12,4720.0,1.2
VAF,4718.840579710145,37.7
SD4,4712.5,10.3
LLM,4687.194805194805,79.7
CKD,4670.7037037037035,31.0
SID,4631.594202898551,100.0
DMN,4621.568627450981,12.5
HD2,4598.630136986301,9.0
VFC,4594.736842105263,33.8
WSB,4557.142857142857,14.5
BBT,4554.7625,19.6
BTU,4524.546875,3.6
TBC,4520.0,63.5
CBI,4507.692307692308,43.0
TSB,4459.493670886076,6.7
VHL,4386.046511627907,25.0
GMX,4379.0298507462685,9.0
NAV,4352.93670886076,8.0
GCF,4351.470588235294,39.3
F88,4333.928571428572,8.3
VCW,4288.372093023256,75.0
SFI,4228.525,24.3
VSA,4210.975308641975,14.1
INN,4198.506172839506,27.0
APC,4173.333333333333,19.9
TCR,4167.948717948718,45.4
MKV,4145.2830188679245,5.0
VCM,4137.5,12.0
HLY,4136.363636363636,1.0
THP,4115.151515151515,21.6
CGV,4108.695652173913,9.5
GIC,4093.548387096774,12.1
STT,4093.3333333333335,8.0
L43,4026.9841269841268,3.5
VUA,4016.326530612245,33.9
VNA,3931.4756097560976,34.0
SKV,3888.175675675676,23.0
CVT,3873.076923076923,36.7
DNP,3870.1754385964914,141.0
RCC,3851.1111111111113,32.1
DHD,3850.769230769231,36.0
VIT,3847.3518518518517,50.0
L62,3843.75,8.3
AGP,3840.9638554216867,26.6
DMC,3775.7948717948716,34.7
BCP,3750.0,6.0
SJ1,3701.8867924528304,43.5
PTX,3651.0204081632655,6.4
L12,3648.6111111111113,6.7
OPC,3625.0,64.1
VIR,3542.8571428571427,8.2
TFC,3531.772151898734,16.8
MA1,3519.846153846154,10.1
L63,3493.103448275862,8.3
AG1,3488.0597014925374,4.9
SAF,3487.3417721518986,12.0
D11,3470.657894736842,8.2
PRO,3466.6666666666665,3.0
PAP,3458.4415584415583,232.0
VTC,3430.15873015873,4.5
TDB,3404.9180327868853,8.2
ASG,3401.3698630136987,90.8
QNP,3394.805194805195,40.4
SKH,3374.324324324324,33.0
TMS,3373.048780487805,169.3
PPS,3366.109756097561,15.0
VC1,3361.6666666666665,12.0
VGG,3325.641025641026,44.1
DTK,3319.718309859155,682.8
PCM,3318.181818181818,3.9
ISG,3300.0,8.8
TH1,3278.5714285714284,13.5
VTH,3231.0344827586205,7.9
PDN,3203.1111111111113,55.6
MH3,3199.9523809523807,24.0
USD,3198.7179487179487,5.6
SJG,3191.253012048193,449.5
HLS,3185.714285714286,11.2
DPP,3175.0,3.0
SPM,3163.235294117647,13.8
TIX,3160.0,30.0
CMD,3157.472972972973,11.2
CFM,3155.5555555555557,2.0
CMV,3150.7246376811595,18.2
HNI,3126.923076923077,23.8
ILC,3061.818181818182,6.1
TRA,3048.7804878048782,41.5
QSP,3033.3333333333335,10.8
VNY,3026.785714285714,16.2
PMG,3022.0338983050847,46.3
HLB,3003.28,3.1
TCK,3000.0,23.9
VIM,2982.5625,1.3
PLA,2956.0975609756097,10.0
SPV,2942.222222222222,10.8
HFB,2937.757575757576,9.1
SMN,2903.6363636363635,4.4
AMP,2902.5,13.0
BBC,2887.6923076923076,18.8
HPW,2880.0,74.2
TNC,2826.7763157894738,19.3
NHT,2796.4912280701756,24.0
VET,2780.821917808219,16.0
TMP,2774.0,70.0
HNB,2766.6666666666665,9.5
BTG,2766.6666666666665,1.2
CKV,2766.6666666666665,4.0
PMC,2748.746835443038,9.3
PGS,2747.5,50.0
TMW,2733.3333333333335,4.7
DTG,2718.5416666666665,9.6
XMP,2718.133333333333,15.0
PLO,2713.3333333333335,7.2
DP1,2709.842105263158,21.0
SVG,2689.3617021276596,29.4
VPA,2683.3333333333335,15.1
CID,2650.173076923077,0.9
AME,2615.2542372881358,65.2
PEG,2614.705882352941,248.9
SSM,2613.3333333333335,4.9
SPH,2566.6666666666665,10.0
NSC,2559.958904109589,17.6
WTC,2544.703703703704,17.5
TLP,2544.1645569620255,236.6
CCI,2535.9375,17.5
TAN,2532.9113924050635,1.6
HFC,2530.769230769231,10.2
H11,2517.391304347826,1.1
HPP,2505.4794520547944,8.0
EIC,2487.2727272727275,36.7
NTW,2486.25,10.0
TDW,2424.883116883117,8.5
SBH,2409.0963855421687,124.2
TPP,2367.451219512195,65.0
L10,2361.3636363636365,9.8
VAV,2354.3661971830984,48.0
SGD,2345.2380952380954,4.0
NDC,2326.6666666666665,6.0
HC3,2315.7894736842104,20.7
SGC,2298.048780487805,7.1
BHA,2292.6875,66.0
VNZ,2291.1392405063293,29.4
BRS,2285.1794871794873,4.5
HSM,2250.0,20.5
PBT,2240.480769230769,17.5
TNV,2238.5714285714284,23.7
RCD,2238.4615384615386,4.8
PMW,2235.516129032258,50.0
CMC,2235.016666666667,5.1
VVN,2233.3333333333335,55.0
HBH,2209.3478260869565,16.0
DPC,2201.923076923077,2.2
VDL,2188.6666666666665,14.7
VTJ,2164.516129032258,11.4
SC5,2137.9310344827586,15.0
HKT,2092.156862745098,33.3
CCR,2083.097222222222,24.5
BTD,2072.0,6.4
BMK,2065.75,8.0
BXH,2059.063492063492,3.0
HES,2040.0,9.3
PNT,2033.9166666666667,9.3
DC1,2032.3076923076924,4.5
KTS,2030.0,5.1
DVT,2022.5806451612902,0.3
AIC,2010.144927536232,100.0
HNF,1976.3157894736842,30.0
SP2,1953.5714285714287,20.6
EMS,1952.3698630136987,21.0
DHP,1920.9302325581396,9.5
NAP,1913.3333333333333,21.5
LEC,1885.2941176470588,26.1
TMX,1842.0428571428572,6.0
TET,1840.0,5.7
TLT,1837.6666666666667,7.0
GTA,1824.2328767123288,9.8
DFC,1819.295081967213,11.4
HTM,1812.3287671232877,220.0
VES,1800.0,9.0
NAS,1793.8461538461538,8.3
HTL,1785.1351351351352,12.0
DSG,1758.3333333333333,30.0
MGR,1757.7777777777778,20.0
POV,1741.2222222222222,12.5
GND,1740.7407407407406,9.0
CCA,1739.9113924050632,18.1
HAD,1739.6923076923076,4.0
VE2,1733.3333333333333,2.1
UXC,1733.3333333333333,35.4
VCF,1720.5421686746988,26.6
BLT,1719.4358974358975,4.0
TED,1718.1929824561403,12.5
TKU,1716.3333333333333,46.9
HDP,1713.0434782608695,9.9
ALT,1712.8472222222222,5.7
NTT,1700.0,23.5
FCC,1700.0,6.0
VLA,1695.3488372093022,4.0
DTP,1687.3157894736842,32.5
HAM,1686.6666666666667,9.6
CTB,1685.9649122807018,13.7
PGT,1680.327868852459,9.2
S72,1677.7777777777778,12.0
BHK,1671.4285714285713,4.0
VFR,1665.1951219512196,15.0
XMD,1662.7450980392157,4.0
PEC,1650.0,3.1
BIO,1647.084745762712,8.6
TJC,1644.4444444444443,8.6
KKC,1644.1860465116279,5.2
SZG,1644.0677966101696,54.9
LM8,1623.359375,9.4
PMT,1617.6470588235295,4.9
DCF,1606.0,53.0
HEJ,1591.4285714285713,4.4
HEP,1590.2439024390244,6.0
PPY,1581.8181818181818,9.3
HSP,1575.3623188405797,12.0
AMC,1574.6,2.9
SEP,1566.1016949152543,8.4
VGV,1549.5061728395062,35.8
BMF,1538.4615384615386,15.8
NUE,1538.2380952380952,6.0
EBS,1535.593220338983,10.0
DPH,1517.7777777777778,3.0
COM,1502.2727272727273,14.1
CQT,1492.857142857143,25.0
CNC,1488.0,11.4
VC6,1485.7142857142858,10.8
BHH,1483.2692307692307,6.0
LBE,1480.7692307692307,2.0
HD8,1466.0845070422536,10.0
PND,1464.2857142857142,6.7
S4A,1455.357142857143,42.2
AVC,1453.5211267605634,75.1
DAD,1453.225806451613,4.7
CHS,1450.0,28.4
PMS,1442.4242424242425,7.2
SDV,1436.6707317073171,10.0
SCC,1436.3636363636363,4.8
HPB,1426.3157894736842,3.7
VBC,1425.5813953488373,7.5
RBC,1421.7391304347825,9.9
DM7,1420.0,15.4
TDF,1417.6470588235295,30.0
LO5,1400.0,5.1
INC,1392.857142857143,2.0
LKW,1391.638888888889,2.5
CPC,1385.5072463768115,4.1
MDG,1382.5,10.3
CI5,1380.7692307692307,2.7
TA6,1375.5555555555557,3.0
VNT,1374.0740740740741,16.6
YBC,1371.6666666666667,11.8
CT6,1368.0,6.1
DCR,1355.5555555555557,6.5
C22,1354.8181818181818,3.6
ICI,1350.0,4.0
FT1,1345.0980392156862,7.1
MQN,1323.7464788732395,8.2
MAS,1320.5882352941176,4.3
MTH,1316.6666666666667,4.8
VE3,1315.3846153846155,1.3
CMM,1305.7692307692307,97.9
BVN,1295.0819672131147,5.0
CCT,1276.1904761904761,28.5
TTT,1272.3373493975903,4.6
V12,1268.6363636363637,11.6
PEN,1250.0,5.0
CLM,1242.857142857143,11.0
ICC,1240.3,3.8
VTI,1233.3333333333333,4.3
DTC,1232.5581395348838,10.0
BBH,1228.2162162162163,2.0
HEC,1225.0,6.0
DC2,1222.9166666666667,11.3
ADC,1206.25,4.0
TMC,1205.8823529411766,12.4
KST,1205.2923076923078,6.0
NDP,1205.2631578947369,11.1
S55,1202.9024390243903,10.0
HUG,1201.851851851852,19.5
SHC,1200.8392857142858,4.3
FRC,1193.103448275862,3.0
MTP,1186.9565217391305,7.5
DND,1185.1851851851852,12.8
CDH,1180.8510638297873,2.0
PDC,1177.142857142857,15.0
HAT,1174.4,3.1
PEQ,1166.6666666666667,5.0
SII,1165.625,64.5
SDU,1159.4594594594594,20.0
PNP,1157.578947368421,16.1
TOW,1156.7567567567567,8.0
SDC,1155.5555555555557,2.6
QHW,1154.6714285714286,8.0
SBM,1149.7142857142858,45.0
DAS,1146.825,4.2
DSP,1140.0,118.7
VIE,1114.2857142857142,5.1
BMG,1110.0,5.3
TMG,1090.0,18.0
DNM,1089.2857142857142,5.3
DHN,1082.2203389830509,6.3
DNE,1073.9298245614036,5.8
VDN,1070.2571428571428,3.3
SIV,1061.5094339622642,3.5
NBT,1055.7659574468084,29.4
A32,1043.3035714285713,6.8
LM7,1040.0,5.0
BSG,1031.8181818181818,60.0
VTG,1028.5714285714287,18.6
SFC,1026.0,11.3
SD7,1018.1818181818181,10.6
TIE,1012.5,9.6
SBR,1008.3333333333334,81.4
VW3,1004.4545454545455,2.0
GDW,1000.5483870967741,9.5
SCO,1000.0,4.1
TRT,1000.0,11.0
BHI,980.952380952381,100.0
HLO,975.0,10.0
UPH,969.3877551020408,13.3
BPC,967.9508196721312,3.8
BMJ,960.7843137254902,105.0
VGL,960.0,9.3
NSL,958.8235294117648,12.5
SDG,953.8461538461538,10.1
PNC,951.1038961038961,10.8
PPP,950.7042253521126,8.8
STP,947.1698113207547,8.0
BT1,936.3636363636364,5.7
PTP,930.1228070175439,6.7
SDK,926.9444444444445,3.1
DAN,913.6363636363636,20.9
DAC,900.0,1.0
TBR,892.9512195121952,8.1
LMC,880.0,1.5
HBD,877.7777777777778,1.9
STG,875.5102040816327,98.3
TR1,875.0,4.6
BAX,871.4285714285714,8.2
DTH,850.0,7.5
CFV,846.0,12.7
USC,837.2592592592592,5.5
NTH,826.6666666666666,10.8
SEB,825.1451612903226,32.0
BTT,822.2692307692307,13.5
THS,808.3333333333334,2.7
TNW,800.0,16.0
NVP,800.0,11.0
DWC,800.0,31.5
VPR,795.1052631578947,5.0
YTC,791.2121212121212,9.5
HRC,787.2340425531914,30.2
IDP,783.3333333333334,61.8
TV6,778.9473684210526,3.0
HJS,773.5487804878048,21.0
STC,769.4444444444445,5.7
PJC,759.375,7.3
PHS,753.3823529411765,200.0
CMW,753.3333333333334,15.5
SSC,750.7592592592592,13.3
CX8,748.3870967741935,2.7
BBS,747.38,6.0
PCC,736.3636363636364,11.5
MEL,733.3333333333334,15.0
CTW,719.9242424242424,28.0
VBH,710.0,2.9
AGX,709.8591549295775,10.8
DBM,708.0645161290323,1.9
HHC,704.7619047619048,16.4
THW,700.1794871794872,5.0
CH5,689.3333333333334,3.7
IHK,688.0952380952381,2.1
PTO,684.375,1.2
PTT,676.3157894736842,16.5
CCM,675.0,6.2
LMI,671.0759493670886,5.5
XLV,668.1818181818181,3.0
CAN,666.6666666666666,5.0
GTD,664.516129032258,9.3
VTQ,663.6363636363636,17.1
DNT,657.1428571428571,7.3
QNU,650.0,6.8
S74,650.0,6.5
NGC,650.0,2.3
FSO,650.0,5.6
PTD,646.6666666666666,5.0
IST,646.4861111111111,15.0
SIG,640.5405405405405,10.0
TNB,638.4615384615385,29.4
BAL,627.0,2.0
UDL,623.0769230769231,6.5
LG9,622.2222222222222,5.0
NBW,618.8135593220339,10.9
SVI,602.0833333333334,12.8
TTE,600.0,28.5
CNN,594.1176470588235,8.8
MED,588.0,12.4
LQN,583.3333333333334,1.9
ATS,578.125,3.5
NNT,576.6666666666666,9.5
GTS,567.6470588235294,28.5
CMN,565.875,4.8
TPS,560.0,5.0
MGG,559.5443037974684,9.0
HDW,554.3230769230769,31.9
PHN,551.8518518518518,7.3
DNC,549.6625,10.0
PLE,547.6190476190476,1.2
L35,540.9090909090909,3.3
VDG,540.4255319148937,5.8
PWS,538.7906976744187,38.4
CPA,530.4347826086956,23.6
PSC,528.125,7.2
TBD,525.0,32.4
CMF,521.2121212121212,8.1
DNH,520.0,422.4
BBM,518.5185185185185,2.0
TRS,509.94029850746267,7.5
DKW,500.0,4.4
BTW,493.7659574468085,9.4
LAW,490.0,12.2
CCP,486.6666666666667,2.4
VTS,485.7142857142857,2.0
HPI,483.3333333333333,60.0
GMA,480.0,20.0
KIP,478.66153846153844,9.8
HMG,478.57142857142856,9.0
TBX,477.77777777777777,1.5
CLW,470.45454545454544,13.0
HEV,466.6666666666667,1.0
HMD,464.675,7.0
VQC,461.53846153846155,3.6
VMT,457.14285714285717,6.1
WCS,454.7042253521127,3.0
BWA,450.0,2.7
SPC,443.75,10.5
VHH,442.85714285714283,7.5
FRM,436.0,11.7
DOC,427.95348837209303,10.0
NHC,425.9259259259259,3.0
DKG,424.13793103448273,14.4
DAE,418.1818181818182,1.9
HAF,412.8205128205128,14.5
XDH,410.0,27.0
GVT,406.5652173913044,11.6
PMJ,406.25,1.8
ACS,405.0,5.4
BTV,400.0,25.0
QNT,394.11764705882354,3.2
HAS,387.5,7.8
SPB,383.3333333333333,13.3
PNG,380.0,9.0
KMT,376.5263157894737,9.8
CTT,366.6666666666667,4.7
PAI,357.14285714285717,4.2
PIA,351.85,3.9
TW3,345.9868421052632,1.7
SGH,345.54545454545456,12.4
DLT,333.3333333333333,2.5
VTX,328.57142857142856,21.0
ARM,328.57142857142856,3.1
VHF,325.609756097561,21.5
TVH,325.0,4.0
QST,324.24242424242425,3.2
MTV,322.7741935483871,5.4
FHS,321.80392156862746,12.8
TTD,311.6774193548387,15.6
MIE,300.0,142.0
BDW,297.7457627118644,12.4
BMD,296.6666666666667,2.8
SDN,296.3,3.0
VLW,295.59016393442624,28.9
KHW,292.0,28.6
QNW,280.0,20.0
KTC,277.77777777777777,36.5
HPH,276.9230769230769,8.4
CYC,275.0,9.0
SQC,275.0,107.3
TTS,271.42857142857144,50.8
DP2,266.6666666666667,20.0
TGP,266.58024691358025,13.1
HOT,264.70588235294116,8.0
PPE,264.2857142857143,2.0
NAU,257.14285714285717,3.7
NJC,248.0731707317073,5.2
APL,244.44444444444446,1.2
VXB,225.0,4.0
SFN,223.8095238095238,2.9
DVC,209.0909090909091,10.8
PMP,202.30985915492957,4.2
NAW,200.0,37.4
QHD,200.0,6.6
SKN,200.0,5.0
TSJ,196.1818181818182,74.8
SAP,180.0,1.3
THB,176.0,11.4
APT,175.0,8.8
PIS,173.78947368421052,27.5
HRB,166.66666666666666,6.3
DWS,164.08823529411765,25.9
DOP,150.0,4.7
FGL,150.0,14.7
TVA,150.0,6.3
NDW,150.0,34.2
BSD,150.0,3.0
PJS,148.73333333333332,9.0
KTL,136.53333333333333,19.2
CHC,135.2941176470588,6.7
GLW,133.33333333333334,18.0
NTF,133.33333333333334,6.0
CCV,133.33333333333334,1.8
LGC,129.35365853658536,212.1
XHC,128.61904761904762,21.1
PSN,127.41428571428571,40.0
NQN,120.40816326530613,50.8
E29,116.1829268292683,5.0
TSG,108.36111111111111,3.1
DCG,104.42592592592592,6.8
VXT,100.0,6.0
NSG,100.0,8.6
DVW,100.0,2.3
DUS,100.0,5.6
MCC,100.0,5.0
GER,100.0,2.2
EME,100.0,3.8
TAW,100.0,5.0
TCJ,100.0,10.0
GLC,100.0,10.5
NAC,100.0,2.8
TVG,100.0,2.0
NLS,100.0,5.0
PTE,100.0,12.1
BCB,100.0,5.7
IBD,100.0,9.0
HCT,100.0,2.0
MRF,100.0,6.8
HPM,100.0,3.8
VE4,100.0,1.0
ING,100.0,20.8
VCT,100.0,1.1
HFX,100.0,1.3
HGT,100.0,20.0
TNP,91.07142857142857,7.1
VDT,85.13953488372093,2.0
DSD,67.66666666666667,58.4
HTC,55.0,16.5
BEL,53.333333333333336,6.0
BMV,38.465753424657535,24.2
BLN,36.89795918367347,5.0
UPC,36.09090909090909,3.4
LDW,35.0,78.8
RAT,21.05263157894737,5.9
DNN,20.967741935483872,58.0
LNC,16.680555555555557,8.2
VMK,13.72549019607843,7.9
HC1,13.559322033898304,8.0
MQB,10.714285714285714,3.7
IN4,9.414634146341463,1.2
EMG,6.666666666666667,3.0
SNC,4.117647058823529,5.0
THU,3.389830508474576,3.3
STW,2.4390243902439024,15.9
SAL,1.7543859649122806,8.3
BED,,3.0
CJC,,8.0
DLR,,4.5
LCD,,1.5
